#Classification,AV15,AV11,AV10,AV13,AV18,AV9,AV19,Mga_Stigol_sedim,AV14,AV17,L_Ampola_sed,Lomasona_1_sed,AV16,Mga_Bestana_sed,Lago_Ledro_sed,Mga_tenno_sed,Bocca_Giumela_sedim,Fiave1_sed,Torb_Lomasona_sed,Fiave2_sed,Mga_Stabio_sed,Fiave3_sed,LL_P12,L_Nembia_sed,Mga_Movlina_sedim,Lago_Valagola_sed,Psso_Duron_sedim,Mga_Nambi_sedim,Mga_Cioca_sed,AV2,AV6,AV5,AV7,AV8,AV12,AV4,Lago_Tenno_sed,AV3
k__Eukaryota,65035,106424,57265,52638,67356,61317,61585,62570,75729,67317,78318,46288,82387,60434,59244,48638,59728,57782,58115,43045,68746,51563,86035,65696,56006,45811,63768,65973,53426,93809,41558,64363,32799,55289,77586,76650,59270,91253
k__Eukaryota|p__Rhodophyta,271,347,197,156,214,338,367,270,249,282,298,249,418,195,290,232,343,308,264,213,303,236,365,235,250,230,275,295,218,238,92,354,141,809,297,281,275,462
k__Eukaryota|p__Rhodophyta|c__Bangiophyceae,271,347,197,156,214,338,367,270,249,282,298,249,418,195,290,232,343,308,264,213,303,236,365,235,250,230,275,295,218,238,92,354,141,809,297,281,275,462
k__Eukaryota|p__Rhodophyta|c__Bangiophyceae|o__Cyanidiales,271,347,197,156,214,338,367,270,249,282,298,249,418,195,290,232,343,308,264,213,303,236,365,235,250,230,275,295,218,238,92,354,141,809,297,281,275,462
k__Eukaryota|p__Rhodophyta|c__Bangiophyceae|o__Cyanidiales|f__Cyanidiaceae,271,347,197,156,214,338,367,270,249,282,298,249,418,195,290,232,343,308,264,213,303,236,365,235,250,230,275,295,218,238,92,354,141,809,297,281,275,462
k__Eukaryota|p__Rhodophyta|c__Bangiophyceae|o__Cyanidiales|f__Cyanidiaceae|g__Cyanidioschyzon,271,347,197,156,214,338,367,270,249,282,298,249,418,195,290,232,343,308,264,213,303,236,365,235,250,230,275,295,218,238,92,354,141,809,297,281,275,462
k__Eukaryota|p__Rhodophyta|c__Bangiophyceae|o__Cyanidiales|f__Cyanidiaceae|g__Cyanidioschyzon|s__Cyanidioschyzon_merolae,271,347,197,156,214,338,367,270,249,282,298,249,418,195,290,232,343,308,264,213,303,236,365,235,250,230,275,295,218,238,92,354,141,809,297,281,275,462
k__Eukaryota|p__Cryptophyta|c__Cryptophyceae,880,1441,263,73,892,506,595,285,153,209,442,68,219,122,516,51,100,84,67,243,165,43,497,1040,224,114,196,775,429,816,714,1019,197,356,1286,324,550,275
k__Eukaryota|p__Cryptophyta|c__Cryptophyceae|o__Cryptomonadales,260,379,58,41,288,169,520,147,91,143,236,25,120,46,129,26,56,37,44,111,64,14,316,325,74,59,79,220,222,367,161,480,41,167,375,157,156,177
k__Eukaryota|p__Cryptophyta|c__Cryptophyceae|o__Cryptomonadales|f__Hemiselmidaceae,74,95,0,16,92,42,20,35,31,32,41,0,41,19,35,10,13,12,10,11,18,0,80,53,18,12,23,35,31,84,31,93,13,113,95,50,36,70
k__Eukaryota|p__Cryptophyta|c__Cryptophyceae|o__Cryptomonadales|f__Hemiselmidaceae|g__Hemiselmis,74,95,0,16,92,42,20,35,31,32,41,0,41,19,35,10,13,12,10,11,18,0,80,53,18,12,23,35,31,84,31,93,13,113,95,50,36,70
k__Eukaryota|p__Cryptophyta|c__Cryptophyceae|o__Cryptomonadales|f__Hemiselmidaceae|g__Hemiselmis|s__Hemiselmis_andersenii,74,95,0,16,92,42,20,35,31,32,41,0,41,19,35,10,13,12,10,11,18,0,80,53,18,12,23,35,31,84,31,93,13,113,95,50,36,70
k__Eukaryota|p__Cryptophyta|c__Cryptophyceae|o__Cryptomonadales|f__Cryptomonadaceae,186,284,58,25,196,127,499,111,59,111,194,25,79,27,94,16,42,25,34,100,45,14,235,272,55,47,55,184,190,283,129,386,28,53,279,107,119,106
k__Eukaryota|p__Cryptophyta|c__Cryptophyceae|o__Cryptomonadales|f__Cryptomonadaceae|g__Cryptomonas,186,284,58,25,196,127,499,111,59,111,194,25,79,27,94,16,42,25,34,100,45,14,235,272,55,47,55,184,190,283,129,386,28,53,279,107,119,106
k__Eukaryota|p__Cryptophyta|c__Cryptophyceae|o__Cryptomonadales|f__Cryptomonadaceae|g__Cryptomonas|s__Cryptomonas_paramecium,186,284,58,25,196,127,499,111,59,111,194,25,79,27,94,16,42,25,34,100,45,14,235,272,55,47,55,184,190,283,129,386,28,53,279,107,119,106
k__Eukaryota|p__Cryptophyta|c__Cryptophyceae|o__Pyrenomonadales,619,1061,205,31,603,336,74,138,62,65,205,42,98,75,386,25,43,46,22,132,101,28,180,714,149,55,117,555,207,449,553,539,156,189,911,166,394,98
k__Eukaryota|p__Cryptophyta|c__Cryptophyceae|o__Pyrenomonadales|f__Geminigeraceae,619,1061,205,31,603,336,74,138,62,65,205,42,98,75,386,25,43,46,22,132,101,28,180,714,149,55,117,555,207,449,553,539,156,189,911,166,394,98
k__Eukaryota|p__Cryptophyta|c__Cryptophyceae|o__Pyrenomonadales|f__Geminigeraceae|g__Guillardia,619,1061,205,31,603,336,74,138,62,65,205,42,98,75,386,25,43,46,22,132,101,28,180,714,149,55,117,555,207,449,553,539,156,189,911,166,394,98
k__Eukaryota|p__Cryptophyta|c__Cryptophyceae|o__Pyrenomonadales|f__Geminigeraceae|g__Guillardia|s__Guillardia_theta,619,1061,205,31,603,336,74,138,62,65,205,42,98,75,386,25,43,46,22,132,101,28,180,714,149,55,117,555,207,449,553,539,156,189,911,166,394,98
k__Eukaryota|p__Evosea,1178,2145,218,369,1494,833,1162,567,974,519,531,164,785,207,414,149,159,357,322,234,747,98,1022,673,247,174,479,518,553,2243,826,1059,417,1075,1064,879,394,945
k__Eukaryota|p__Evosea|c__Eumycetozoa,1178,2145,218,369,1494,833,1162,567,974,519,531,164,785,207,414,149,159,357,322,234,747,98,1022,673,247,174,479,518,553,2243,826,1059,417,1075,1064,879,394,945
k__Eukaryota|p__Evosea|c__Eumycetozoa|o__Dictyosteliales,1178,2145,218,369,1494,833,1162,567,974,519,531,164,785,207,414,149,159,357,322,234,747,98,1022,673,247,174,479,518,553,2243,826,1059,417,1075,1064,879,394,945
k__Eukaryota|p__Evosea|c__Eumycetozoa|o__Dictyosteliales|f__Dictyosteliaceae,1178,2145,218,369,1494,833,1162,567,974,519,531,164,785,207,414,149,159,357,322,234,747,98,1022,673,247,174,479,518,553,2243,826,1059,417,1075,1064,879,394,945
k__Eukaryota|p__Evosea|c__Eumycetozoa|o__Dictyosteliales|f__Dictyosteliaceae|g__Dictyostelium,1178,2145,218,369,1494,833,1162,567,974,519,531,164,785,207,414,149,159,357,322,234,747,98,1022,673,247,174,479,518,553,2243,826,1059,417,1075,1064,879,394,945
k__Eukaryota|p__Evosea|c__Eumycetozoa|o__Dictyosteliales|f__Dictyosteliaceae|g__Dictyostelium|s__Dictyostelium_discoideum,1178,2145,218,369,1494,833,1162,567,974,519,531,164,785,207,414,149,159,357,322,234,747,98,1022,673,247,174,479,518,553,2243,826,1059,417,1075,1064,879,394,945
k__Eukaryota|p__Fornicata,93,85,63,53,66,68,91,72,86,82,110,69,117,56,79,67,83,88,96,65,89,77,70,71,69,53,84,73,65,75,42,69,27,761,81,99,80,143
k__Eukaryota|p__Fornicata|o__Diplomonadida,93,85,63,53,66,68,91,72,86,82,110,69,117,56,79,67,83,88,96,65,89,77,70,71,69,53,84,73,65,75,42,69,27,761,81,99,80,143
k__Eukaryota|p__Fornicata|o__Diplomonadida|f__Hexamitidae,93,85,63,53,66,68,91,72,86,82,110,69,117,56,79,67,83,88,96,65,89,77,70,71,69,53,84,73,65,75,42,69,27,761,81,99,80,143
k__Eukaryota|p__Fornicata|o__Diplomonadida|f__Hexamitidae|g__Giardia,93,85,63,53,66,68,91,72,86,82,110,69,117,56,79,67,83,88,96,65,89,77,70,71,69,53,84,73,65,75,42,69,27,761,81,99,80,143
k__Eukaryota|p__Fornicata|o__Diplomonadida|f__Hexamitidae|g__Giardia|s__Giardia_intestinalis,93,85,63,53,66,68,91,72,86,82,110,69,117,56,79,67,83,88,96,65,89,77,70,71,69,53,84,73,65,75,42,69,27,761,81,99,80,143
k__Eukaryota|p__Parabasalia,1512,2261,233,623,1572,872,1919,1085,1779,916,773,346,1402,327,572,250,338,610,640,486,1256,228,1374,707,446,366,764,851,837,2674,1407,2456,1370,1320,1421,1450,607,1583
k__Eukaryota|p__Parabasalia|o__Trichomonadida,1512,2261,233,623,1572,872,1919,1085,1779,916,773,346,1402,327,572,250,338,610,640,486,1256,228,1374,707,446,366,764,851,837,2674,1407,2456,1370,1320,1421,1450,607,1583
k__Eukaryota|p__Parabasalia|o__Trichomonadida|f__Trichomonadidae,1512,2261,233,623,1572,872,1919,1085,1779,916,773,346,1402,327,572,250,338,610,640,486,1256,228,1374,707,446,366,764,851,837,2674,1407,2456,1370,1320,1421,1450,607,1583
k__Eukaryota|p__Parabasalia|o__Trichomonadida|f__Trichomonadidae|g__Trichomonas,1512,2261,233,623,1572,872,1919,1085,1779,916,773,346,1402,327,572,250,338,610,640,486,1256,228,1374,707,446,366,764,851,837,2674,1407,2456,1370,1320,1421,1450,607,1583
k__Eukaryota|p__Parabasalia|o__Trichomonadida|f__Trichomonadidae|g__Trichomonas|s__Trichomonas_vaginalis,1512,2261,233,623,1572,872,1919,1085,1779,916,773,346,1402,327,572,250,338,610,640,486,1256,228,1374,707,446,366,764,851,837,2674,1407,2456,1370,1320,1421,1450,607,1583
k__Eukaryota|p__Euglenozoa,3207,2779,4649,2295,2882,2897,4231,3592,3230,4191,4583,3319,4919,2764,3947,3498,4243,3747,3726,2624,3188,3464,3208,3435,3503,2960,5609,3619,2973,3180,1396,2029,1478,2336,3446,4207,3875,5939
k__Eukaryota|p__Euglenozoa|c__Kinetoplastea,3207,2779,4649,2295,2882,2897,4231,3592,3230,4191,4583,3319,4919,2764,3947,3498,4243,3747,3726,2624,3188,3464,3208,3435,3503,2960,5609,3619,2973,3180,1396,2029,1478,2336,3446,4207,3875,5939
k__Eukaryota|p__Euglenozoa|c__Kinetoplastea|o__Trypanosomatida,3207,2779,4649,2295,2882,2897,4231,3592,3230,4191,4583,3319,4919,2764,3947,3498,4243,3747,3726,2624,3188,3464,3208,3435,3503,2960,5609,3619,2973,3180,1396,2029,1478,2336,3446,4207,3875,5939
k__Eukaryota|p__Euglenozoa|c__Kinetoplastea|o__Trypanosomatida|f__Trypanosomatidae,3207,2779,4649,2295,2882,2897,4231,3592,3230,4191,4583,3319,4919,2764,3947,3498,4243,3747,3726,2624,3188,3464,3208,3435,3503,2960,5609,3619,2973,3180,1396,2029,1478,2336,3446,4207,3875,5939
k__Eukaryota|p__Euglenozoa|c__Kinetoplastea|o__Trypanosomatida|f__Trypanosomatidae|g__Trypanosoma,263,383,187,210,269,160,745,280,350,373,300,141,386,160,252,137,211,210,232,136,309,148,312,282,178,151,224,246,245,381,182,256,147,175,417,446,274,546
k__Eukaryota|p__Euglenozoa|c__Kinetoplastea|o__Trypanosomatida|f__Trypanosomatidae|g__Trypanosoma|s__Trypanosoma_brucei,263,383,187,210,269,160,745,280,350,373,300,141,386,160,252,137,211,210,232,136,309,148,312,282,178,151,224,246,245,381,182,256,147,175,417,446,274,546
k__Eukaryota|p__Euglenozoa|c__Kinetoplastea|o__Trypanosomatida|f__Trypanosomatidae|g__Leishmania,2943,2395,4462,2085,2612,2737,3486,3311,2879,3818,4282,3177,4533,2604,3694,3361,4031,3536,3493,2487,2879,3315,2895,3153,3325,2809,5384,3373,2727,2799,1214,1773,1330,2161,3028,3761,3601,5393
k__Eukaryota|p__Euglenozoa|c__Kinetoplastea|o__Trypanosomatida|f__Trypanosomatidae|g__Leishmania|s__Leishmania_braziliensis,372,261,276,250,273,332,369,351,307,369,458,410,511,283,386,387,458,404,407,332,341,386,294,406,350,329,339,404,303,279,124,207,175,120,334,420,339,488
k__Eukaryota|p__Euglenozoa|c__Kinetoplastea|o__Trypanosomatida|f__Trypanosomatidae|g__Leishmania|s__Leishmania_panamensis,420,271,525,301,317,316,340,424,418,540,533,372,588,277,435,439,474,431,447,269,385,379,359,429,414,322,443,483,379,451,257,294,254,447,373,491,455,733
k__Eukaryota|p__Euglenozoa|c__Kinetoplastea|o__Trypanosomatida|f__Trypanosomatidae|g__Leishmania|s__Leishmania_major,605,654,859,547,737,604,1380,891,717,1146,1052,803,1218,686,946,899,1089,995,940,662,733,869,682,754,902,735,889,785,720,573,266,282,295,239,828,976,1044,1550
k__Eukaryota|p__Euglenozoa|c__Kinetoplastea|o__Trypanosomatida|f__Trypanosomatidae|g__Leishmania|s__Leishmania_mexicana,612,461,1213,486,624,535,757,718,643,881,1017,747,957,607,859,701,1019,775,783,557,591,789,666,647,825,667,2185,723,558,658,240,407,294,818,637,795,760,1261
k__Eukaryota|p__Euglenozoa|c__Kinetoplastea|o__Trypanosomatida|f__Trypanosomatidae|g__Leishmania|s__Leishmania_infantum,356,283,234,219,248,283,268,307,247,333,461,281,476,275,381,349,350,324,306,233,268,306,259,296,311,292,498,408,218,271,96,266,75,401,269,287,265,397
k__Eukaryota|p__Euglenozoa|c__Kinetoplastea|o__Trypanosomatida|f__Trypanosomatidae|g__Leishmania|s__Leishmania_donovani,575,462,1352,280,411,664,370,617,544,546,759,562,780,473,684,582,639,605,607,431,557,583,632,619,519,461,1028,567,547,564,228,315,234,135,584,790,736,961
k__Eukaryota|p__Cercozoa,268,297,165,36,108,208,51,102,73,93,127,16,168,80,111,32,34,25,18,62,55,16,59,203,120,58,82,261,107,145,188,449,100,100,266,231,78,152
k__Eukaryota|p__Cercozoa|c__Chlorarachniophyceae,268,297,165,36,108,208,51,102,73,93,127,16,168,80,111,32,34,25,18,62,55,16,59,203,120,58,82,261,107,145,188,449,100,100,266,231,78,152
k__Eukaryota|p__Cercozoa|c__Chlorarachniophyceae|g__Bigelowiella,268,297,165,36,108,208,51,102,73,93,127,16,168,80,111,32,34,25,18,62,55,16,59,203,120,58,82,261,107,145,188,449,100,100,266,231,78,152
k__Eukaryota|p__Cercozoa|c__Chlorarachniophyceae|g__Bigelowiella|s__Bigelowiella_natans,268,297,165,36,108,208,51,102,73,93,127,16,168,80,111,32,34,25,18,62,55,16,59,203,120,58,82,261,107,145,188,449,100,100,266,231,78,152
k__Eukaryota|p__Bacillariophyta,2033,9940,1354,486,3493,2491,8219,4291,830,1955,9284,863,1162,804,3806,500,825,686,716,1989,1098,612,7779,10404,1840,1929,1306,7996,5458,15965,1152,5311,542,1599,6817,1939,3593,1951
k__Eukaryota|p__Bacillariophyta|c__Bacillariophyceae,772,1714,451,233,1145,1179,4759,1485,350,893,1543,312,552,312,1280,241,358,310,367,603,405,275,2069,3293,569,600,568,2250,1571,763,602,2496,251,372,2225,655,1327,933
k__Eukaryota|p__Bacillariophyta|c__Bacillariophyceae|o__Naviculales,772,1714,451,233,1145,1179,4759,1485,350,893,1543,312,552,312,1280,241,358,310,367,603,405,275,2069,3293,569,600,568,2250,1571,763,602,2496,251,372,2225,655,1327,933
k__Eukaryota|p__Bacillariophyta|c__Bacillariophyceae|o__Naviculales|f__Naviculaceae,0,0,0,0,0,0,0,32,0,0,0,0,0,0,0,0,0,0,0,0,0,0,0,0,0,0,0,0,0,0,0,0,0,0,0,0,0,0
k__Eukaryota|p__Bacillariophyta|c__Bacillariophyceae|o__Naviculales|f__Naviculaceae|g__Haslea,0,0,0,0,0,0,0,32,0,0,0,0,0,0,0,0,0,0,0,0,0,0,0,0,0,0,0,0,0,0,0,0,0,0,0,0,0,0
k__Eukaryota|p__Bacillariophyta|c__Bacillariophyceae|o__Naviculales|f__Naviculaceae|g__Haslea|s__Haslea_ostrearia,0,0,0,0,0,0,0,32,0,0,0,0,0,0,0,0,0,0,0,0,0,0,0,0,0,0,0,0,0,0,0,0,0,0,0,0,0,0
k__Eukaryota|p__Bacillariophyta|c__Bacillariophyceae|o__Naviculales|f__Phaeodactylaceae,772,1714,451,233,1145,1179,4759,1453,350,893,1543,312,552,312,1280,241,358,310,367,603,405,275,2069,3293,569,600,568,2250,1571,763,602,2496,251,372,2225,655,1327,933
k__Eukaryota|p__Bacillariophyta|c__Bacillariophyceae|o__Naviculales|f__Phaeodactylaceae|g__Phaeodactylum,772,1714,451,233,1145,1179,4759,1453,350,893,1543,312,552,312,1280,241,358,310,367,603,405,275,2069,3293,569,600,568,2250,1571,763,602,2496,251,372,2225,655,1327,933
k__Eukaryota|p__Bacillariophyta|c__Bacillariophyceae|o__Naviculales|f__Phaeodactylaceae|g__Phaeodactylum|s__Phaeodactylum_tricornutum,772,1714,451,233,1145,1179,4759,1453,350,893,1543,312,552,312,1280,241,358,310,367,603,405,275,2069,3293,569,600,568,2250,1571,763,602,2496,251,372,2225,655,1327,933
k__Eukaryota|p__Bacillariophyta|c__Coscinodiscophyceae,1261,8226,903,252,2348,1311,3459,2806,479,1061,7740,551,610,492,2525,258,466,375,349,1385,693,337,5709,7111,1271,1328,737,5746,3886,15201,549,2814,291,1227,4591,1284,2266,1018
k__Eukaryota|p__Bacillariophyta|c__Coscinodiscophyceae|o__Thalassiosirales,1261,8226,903,252,2348,1311,3459,2806,479,1061,7740,551,610,492,2525,258,466,375,349,1385,693,337,5709,7111,1271,1328,737,5746,3886,15201,549,2814,291,1227,4591,1284,2266,1018
k__Eukaryota|p__Bacillariophyta|c__Coscinodiscophyceae|o__Thalassiosirales|f__Thalassiosiraceae,1261,8226,903,252,2348,1311,3459,2806,479,1061,7740,551,610,492,2525,258,466,375,349,1385,693,337,5709,7111,1271,1328,737,5746,3886,15201,549,2814,291,1227,4591,1284,2266,1018
k__Eukaryota|p__Bacillariophyta|c__Coscinodiscophyceae|o__Thalassiosirales|f__Thalassiosiraceae|g__Thalassiosira,1261,8226,903,252,2348,1311,3459,2806,479,1061,7740,551,610,492,2525,258,466,375,349,1385,693,337,5709,7111,1271,1328,737,5746,3886,15201,549,2814,291,1227,4591,1284,2266,1018
k__Eukaryota|p__Bacillariophyta|c__Coscinodiscophyceae|o__Thalassiosirales|f__Thalassiosiraceae|g__Thalassiosira|s__Thalassiosira_pseudonana,1261,8226,903,252,2348,1311,3459,2806,479,1061,7740,551,610,492,2525,258,466,375,349,1385,693,337,5709,7111,1271,1328,737,5746,3886,15201,549,2814,291,1227,4591,1284,2266,1018
k__Eukaryota|p__Ciliophora,24,47,0,11,90,12,33,24,35,27,17,0,49,11,15,10,14,14,16,0,29,0,36,15,0,16,15,15,26,68,17,27,19,0,31,35,16,28
k__Eukaryota|p__Ciliophora|c__Oligohymenophorea,24,47,0,11,90,12,33,24,35,27,17,0,49,11,15,10,14,14,16,0,29,0,36,15,0,16,15,15,26,68,17,27,19,0,31,35,16,28
k__Eukaryota|p__Ciliophora|c__Oligohymenophorea|o__Peniculida,24,47,0,11,90,12,33,24,35,27,17,0,49,11,15,10,14,14,16,0,29,0,36,15,0,16,15,15,26,68,17,27,19,0,31,35,16,28
k__Eukaryota|p__Ciliophora|c__Oligohymenophorea|o__Peniculida|f__Parameciidae,24,47,0,11,90,12,33,24,35,27,17,0,49,11,15,10,14,14,16,0,29,0,36,15,0,16,15,15,26,68,17,27,19,0,31,35,16,28
k__Eukaryota|p__Ciliophora|c__Oligohymenophorea|o__Peniculida|f__Parameciidae|g__Paramecium,24,47,0,11,90,12,33,24,35,27,17,0,49,11,15,10,14,14,16,0,29,0,36,15,0,16,15,15,26,68,17,27,19,0,31,35,16,28
k__Eukaryota|p__Ciliophora|c__Oligohymenophorea|o__Peniculida|f__Parameciidae|g__Paramecium|s__Paramecium_tetraurelia,24,47,0,11,90,12,33,24,35,27,17,0,49,11,15,10,14,14,16,0,29,0,36,15,0,16,15,15,26,68,17,27,19,0,31,35,16,28
k__Eukaryota|p__Apicomplexa,10403,16635,4131,5079,12280,12633,11613,7707,10602,7514,7949,4522,10865,4455,6253,4378,5645,6419,6575,4961,11111,4617,13048,6477,5516,4269,7500,7593,6583,17615,6766,11535,5544,8595,10553,11185,6378,11908
k__Eukaryota|p__Apicomplexa|c__Conoidasida,2896,2677,2192,1642,2294,5270,2146,2873,2778,2917,3591,2640,4088,2400,2933,2740,3495,3296,3155,2411,2711,3010,3459,2342,2819,2267,3087,2726,2040,2979,1315,2544,1386,2669,2669,3003,2889,4391
k__Eukaryota|p__Apicomplexa|c__Conoidasida|o__Eucoccidiorida,2896,2677,2192,1642,2294,5270,2146,2873,2778,2917,3591,2640,4088,2400,2933,2740,3495,3296,3155,2411,2711,3010,3459,2342,2819,2267,3087,2726,2040,2979,1315,2544,1386,2669,2669,3003,2889,4391
k__Eukaryota|p__Apicomplexa|c__Conoidasida|o__Eucoccidiorida|f__Cryptosporidiidae,549,623,75,136,380,1073,397,171,308,211,208,68,459,112,130,70,78,148,131,83,252,54,805,151,120,71,226,196,207,720,393,595,270,257,437,304,161,382
k__Eukaryota|p__Apicomplexa|c__Conoidasida|o__Eucoccidiorida|f__Cryptosporidiidae|g__Cryptosporidium,549,623,75,136,380,1073,397,171,308,211,208,68,459,112,130,70,78,148,131,83,252,54,805,151,120,71,226,196,207,720,393,595,270,257,437,304,161,382
k__Eukaryota|p__Apicomplexa|c__Conoidasida|o__Eucoccidiorida|f__Cryptosporidiidae|g__Cryptosporidium|s__Cryptosporidium_parvum,549,623,75,136,380,1073,397,171,308,211,208,68,459,112,130,70,78,148,131,83,252,54,805,151,120,71,226,196,207,720,393,595,270,257,437,304,161,382
k__Eukaryota|p__Apicomplexa|c__Conoidasida|o__Eucoccidiorida|f__Sarcocystidae,2346,2053,2116,1506,1914,4196,1748,2701,2469,2705,3383,2572,3628,2288,2802,2669,3417,3148,3023,2327,2459,2956,2653,2190,2698,2196,2860,2530,1832,2259,921,1948,1116,2412,2232,2698,2727,4008
k__Eukaryota|p__Apicomplexa|c__Conoidasida|o__Eucoccidiorida|f__Sarcocystidae|g__Neospora,506,473,554,396,540,469,387,742,696,742,885,688,996,626,760,729,899,865,833,627,583,843,473,541,753,595,746,693,468,426,253,631,245,618,534,706,759,1057
k__Eukaryota|p__Apicomplexa|c__Conoidasida|o__Eucoccidiorida|f__Sarcocystidae|g__Neospora|s__Neospora_caninum,506,473,554,396,540,469,387,742,696,742,885,688,996,626,760,729,899,865,833,627,583,843,473,541,753,595,746,693,468,426,253,631,245,618,534,706,759,1057
k__Eukaryota|p__Apicomplexa|c__Conoidasida|o__Eucoccidiorida|f__Sarcocystidae|g__Besnoitia,778,680,959,695,754,1021,767,1199,1051,1211,1555,1224,1553,1101,1215,1246,1713,1464,1393,1068,984,1459,925,986,1269,1056,1242,1156,832,720,310,553,537,1106,884,1165,1293,1871
k__Eukaryota|p__Apicomplexa|c__Conoidasida|o__Eucoccidiorida|f__Sarcocystidae|g__Besnoitia|s__Besnoitia_besnoiti,778,680,959,695,754,1021,767,1199,1051,1211,1555,1224,1553,1101,1215,1246,1713,1464,1393,1068,984,1459,925,986,1269,1056,1242,1156,832,720,310,553,537,1106,884,1165,1293,1871
k__Eukaryota|p__Apicomplexa|c__Conoidasida|o__Eucoccidiorida|f__Sarcocystidae|g__Toxoplasma,1062,900,602,415,619,2706,592,759,721,752,942,659,1078,560,826,693,804,817,796,631,892,653,1254,663,676,544,871,680,531,1112,357,763,333,687,812,825,674,1079
k__Eukaryota|p__Apicomplexa|c__Conoidasida|o__Eucoccidiorida|f__Sarcocystidae|g__Toxoplasma|s__Toxoplasma_gondii,1062,900,602,415,619,2706,592,759,721,752,942,659,1078,560,826,693,804,817,796,631,892,653,1254,663,676,544,871,680,531,1112,357,763,333,687,812,825,674,1079
k__Eukaryota|p__Apicomplexa|c__Aconoidasida,7507,13958,1939,3436,9986,7363,9466,4834,7823,4597,4357,1882,6777,2054,3320,1638,2149,3123,3419,2549,8400,1606,9589,4135,2696,2002,4412,4866,4543,14636,5451,8991,4157,5926,7884,8182,3489,7517
k__Eukaryota|p__Apicomplexa|c__Aconoidasida|o__Piroplasmida,1229,1658,618,493,1264,1993,1612,859,1132,949,889,450,1273,492,666,464,614,652,621,496,1026,465,1871,699,839,426,780,866,738,1918,974,1753,647,873,1314,1775,689,1392
k__Eukaryota|p__Apicomplexa|c__Aconoidasida|o__Piroplasmida|f__Babesiidae,549,670,294,231,475,1181,751,395,427,487,473,257,649,293,336,272,331,318,327,239,418,278,1050,320,584,234,344,362,333,664,426,679,259,278,556,1099,352,650
k__Eukaryota|p__Apicomplexa|c__Aconoidasida|o__Piroplasmida|f__Babesiidae|g__Babesia,549,670,294,231,475,1181,751,395,427,487,473,257,649,293,336,272,331,318,327,239,418,278,1050,320,584,234,344,362,333,664,426,679,259,278,556,1099,352,650
k__Eukaryota|p__Apicomplexa|c__Aconoidasida|o__Piroplasmida|f__Babesiidae|g__Babesia|s__Babesia_bovis,115,114,36,39,127,192,120,94,90,79,47,28,136,53,52,27,30,40,40,27,62,28,224,48,33,23,51,55,56,132,94,133,110,31,107,113,55,145
k__Eukaryota|p__Apicomplexa|c__Aconoidasida|o__Piroplasmida|f__Babesiidae|g__Babesia|s__Babesia_microti,194,264,60,50,186,233,226,93,127,148,96,43,200,51,47,45,63,55,70,38,118,32,508,93,55,30,72,92,94,275,196,383,80,57,179,147,76,168
k__Eukaryota|p__Apicomplexa|c__Aconoidasida|o__Piroplasmida|f__Babesiidae|g__Babesia|s__Babesia_bigemina,239,291,196,141,162,755,403,207,208,258,330,186,312,188,237,199,236,223,216,173,237,217,317,178,495,180,220,215,182,256,134,162,68,189,268,839,219,336
k__Eukaryota|p__Apicomplexa|c__Aconoidasida|o__Piroplasmida|f__Theileriidae,680,987,324,261,789,811,861,464,705,462,415,193,624,198,330,192,283,333,293,256,607,187,821,379,254,191,435,503,405,1254,548,1074,388,595,757,676,337,742
k__Eukaryota|p__Apicomplexa|c__Aconoidasida|o__Piroplasmida|f__Theileriidae|g__Theileria,680,987,324,261,789,811,861,464,705,462,415,193,624,198,330,192,283,333,293,256,607,187,821,379,254,191,435,503,405,1254,548,1074,388,595,757,676,337,742
k__Eukaryota|p__Apicomplexa|c__Aconoidasida|o__Piroplasmida|f__Theileriidae|g__Theileria|s__Theileria_equi,89,128,25,59,115,133,185,89,130,86,65,36,106,22,43,18,55,60,51,41,106,25,155,79,51,35,94,75,61,202,146,149,83,29,149,111,57,120
k__Eukaryota|p__Apicomplexa|c__Aconoidasida|o__Piroplasmida|f__Theileriidae|g__Theileria|s__Theileria_annulata,201,353,69,75,211,267,229,118,194,117,102,32,150,38,76,29,53,66,66,59,156,36,243,108,56,27,127,136,116,473,206,548,113,127,231,179,87,218
k__Eukaryota|p__Apicomplexa|c__Aconoidasida|o__Piroplasmida|f__Theileriidae|g__Theileria|s__Theileria_orientalis,178,227,184,80,179,234,189,138,179,158,152,92,218,87,151,100,126,140,121,95,167,87,206,107,90,86,128,188,128,201,92,147,112,116,199,188,108,230
k__Eukaryota|p__Apicomplexa|c__Aconoidasida|o__Piroplasmida|f__Theileriidae|g__Theileria|s__Theileria_parva,212,278,46,46,283,175,256,117,200,99,95,31,148,50,58,43,47,65,54,60,176,38,216,83,56,42,85,103,99,377,103,229,78,322,177,195,83,173
k__Eukaryota|p__Apicomplexa|c__Aconoidasida|o__Haemosporida,6277,12299,1321,2943,8721,5370,7854,3975,6691,3647,3467,1431,5503,1562,2653,1173,1535,2470,2798,2053,7373,1141,7717,3435,1856,1576,3632,4000,3804,12717,4477,7238,3510,5052,6570,6406,2800,6124
k__Eukaryota|p__Apicomplexa|c__Aconoidasida|o__Haemosporida|f__Plasmodiidae,6277,12299,1321,2943,8721,5370,7854,3975,6691,3647,3467,1431,5503,1562,2653,1173,1535,2470,2798,2053,7373,1141,7717,3435,1856,1576,3632,4000,3804,12717,4477,7238,3510,5052,6570,6406,2800,6124
k__Eukaryota|p__Apicomplexa|c__Aconoidasida|o__Haemosporida|f__Plasmodiidae|g__Plasmodium,6277,12299,1321,2943,8721,5370,7854,3975,6691,3647,3467,1431,5503,1562,2653,1173,1535,2470,2798,2053,7373,1141,7717,3435,1856,1576,3632,4000,3804,12717,4477,7238,3510,5052,6570,6406,2800,6124
k__Eukaryota|p__Apicomplexa|c__Aconoidasida|o__Haemosporida|f__Plasmodiidae|g__Plasmodium|s__Plasmodium_coatneyi,312,377,129,119,360,348,405,242,361,187,196,114,283,98,204,83,124,190,182,110,292,124,438,217,150,120,201,167,188,351,218,394,135,300,335,289,188,330
k__Eukaryota|p__Apicomplexa|c__Aconoidasida|o__Haemosporida|f__Plasmodiidae|g__Plasmodium|s__Plasmodium_relictum,602,1380,100,697,1028,387,876,340,708,349,398,169,528,127,239,88,116,223,237,187,537,77,578,322,151,122,318,552,596,1304,440,738,422,386,714,643,299,657
k__Eukaryota|p__Apicomplexa|c__Aconoidasida|o__Haemosporida|f__Plasmodiidae|g__Plasmodium|s__Plasmodium_gaboni,205,1116,42,133,442,204,389,159,371,171,151,65,295,52,92,50,62,93,112,92,254,25,344,179,76,59,146,179,181,863,268,676,171,256,348,321,129,274
k__Eukaryota|p__Apicomplexa|c__Aconoidasida|o__Haemosporida|f__Plasmodiidae|g__Plasmodium|s__Plasmodium_reichenowi,233,723,50,121,492,201,436,231,391,176,146,53,290,75,109,47,74,144,143,97,240,40,315,149,65,81,214,202,174,660,215,327,223,214,389,371,127,287
k__Eukaryota|p__Apicomplexa|c__Aconoidasida|o__Haemosporida|f__Plasmodiidae|g__Plasmodium|s__Plasmodium_falciparum,251,642,46,148,625,288,549,203,433,201,178,46,355,90,137,42,73,98,139,87,264,55,369,159,113,79,182,200,186,1104,319,360,174,280,371,575,108,360
k__Eukaryota|p__Apicomplexa|c__Aconoidasida|o__Haemosporida|f__Plasmodiidae|g__Plasmodium|s__Plasmodium_sp._gorilla_clade_G2,487,509,125,123,275,209,370,193,364,259,170,64,327,59,139,48,53,110,162,68,303,44,518,180,71,99,176,204,195,479,227,415,169,190,322,367,127,375
k__Eukaryota|p__Apicomplexa|c__Aconoidasida|o__Haemosporida|f__Plasmodiidae|g__Plasmodium|s__Plasmodium_vinckei,420,957,45,202,576,310,609,253,565,278,221,84,405,98,157,49,65,174,181,149,421,59,476,199,130,88,237,331,282,1041,420,536,180,377,484,432,154,477
k__Eukaryota|p__Apicomplexa|c__Aconoidasida|o__Haemosporida|f__Plasmodiidae|g__Plasmodium|s__Plasmodium_berghei,459,957,50,196,775,606,650,264,517,260,221,74,387,106,145,49,99,146,179,116,414,29,527,217,114,79,244,261,245,1123,302,581,421,385,508,511,142,447
k__Eukaryota|p__Apicomplexa|c__Aconoidasida|o__Haemosporida|f__Plasmodiidae|g__Plasmodium|s__Plasmodium_chabaudi,522,870,68,177,754,334,702,353,468,241,213,88,379,88,147,80,60,158,203,125,369,52,416,209,100,74,242,245,252,1125,412,404,267,351,545,504,156,439
k__Eukaryota|p__Apicomplexa|c__Aconoidasida|o__Haemosporida|f__Plasmodiidae|g__Plasmodium|s__Plasmodium_yoelii,618,1289,150,213,1014,542,631,326,569,301,241,94,484,119,180,68,103,161,186,177,428,58,596,296,142,104,327,314,302,1420,386,500,261,522,547,520,214,542
k__Eukaryota|p__Apicomplexa|c__Aconoidasida|o__Haemosporida|f__Plasmodiidae|g__Plasmodium|s__Plasmodium_knowlesi,206,447,91,118,359,377,252,216,256,160,163,83,221,98,165,73,102,131,152,82,237,86,1048,176,90,84,239,201,125,390,168,311,84,310,227,266,218,245
k__Eukaryota|p__Apicomplexa|c__Aconoidasida|o__Haemosporida|f__Plasmodiidae|g__Plasmodium|s__Plasmodium_vivax,615,945,167,210,711,475,403,405,443,340,384,176,470,234,321,190,242,325,320,260,527,180,678,348,256,198,356,374,317,975,294,474,229,282,455,436,340,474
k__Eukaryota|p__Apicomplexa|c__Aconoidasida|o__Haemosporida|f__Plasmodiidae|g__Plasmodium|s__Plasmodium_cynomolgi,548,550,123,167,375,292,436,277,376,258,332,162,410,145,270,180,196,218,273,236,2424,182,535,312,174,188,278,298,284,611,224,457,202,540,491,405,276,413
k__Eukaryota|p__Apicomplexa|c__Aconoidasida|o__Haemosporida|f__Plasmodiidae|g__Plasmodium|s__Plasmodium_malariae,793,1530,129,314,929,790,1140,508,863,458,444,152,661,168,341,120,161,294,322,261,657,125,872,464,220,192,465,464,471,1264,579,1057,566,653,826,759,316,798
k__Eukaryota|k__Fungi,32394,63082,33072,38523,37507,31091,28639,34999,50372,43304,40803,28373,51024,43048,33336,30307,36671,35560,35957,25047,42254,32199,50689,32380,33677,27545,34711,35393,29306,42730,23656,33289,20415,32108,42435,47202,33646,55080
k__Eukaryota|k__Fungi|p__Microsporidia,155,128,64,36,90,46,89,66,120,107,45,0,121,0,37,15,25,82,77,28,86,18,137,51,24,0,47,52,50,122,58,76,42,60,143,115,70,107
k__Eukaryota|k__Fungi|p__Microsporidia|f__Unikaryonidae,155,128,64,36,90,46,89,66,120,107,45,0,121,0,37,15,25,82,77,28,86,18,137,51,24,0,47,52,50,122,58,76,42,60,143,115,70,107
k__Eukaryota|k__Fungi|p__Microsporidia|f__Unikaryonidae|g__Encephalitozoon,155,128,64,36,90,46,89,66,120,107,45,0,121,0,37,15,25,82,77,28,86,18,137,51,24,0,47,52,50,122,58,76,42,60,143,115,70,107
k__Eukaryota|k__Fungi|p__Microsporidia|f__Unikaryonidae|g__Encephalitozoon|s__Encephalitozoon_romaleae,20,12,0,13,13,0,24,17,32,21,0,0,29,0,0,0,13,13,14,0,24,0,18,17,0,0,14,0,13,22,15,14,0,19,29,31,10,26
k__Eukaryota|k__Fungi|p__Microsporidia|f__Unikaryonidae|g__Encephalitozoon|s__Encephalitozoon_hellem,36,28,0,11,17,0,16,19,29,31,26,0,29,0,12,0,0,18,23,0,14,0,28,0,0,0,20,15,0,41,25,25,29,22,45,23,26,24
k__Eukaryota|k__Fungi|p__Microsporidia|f__Unikaryonidae|g__Encephalitozoon|s__Encephalitozoon_cuniculi,29,45,11,11,18,13,14,13,21,25,18,0,29,0,10,15,12,23,22,13,15,18,44,16,12,0,12,18,24,18,0,0,12,18,38,25,12,30
k__Eukaryota|k__Fungi|p__Microsporidia|f__Unikaryonidae|g__Encephalitozoon|s__Encephalitozoon_intestinalis,69,42,52,0,41,32,34,16,37,29,0,0,33,0,14,0,0,27,16,14,32,0,46,17,12,0,0,18,12,40,17,36,0,0,30,35,21,26
k__Eukaryota|k__Fungi|p__Basidiomycota,5321,23040,6969,4375,6074,4732,4492,5960,6771,6009,7219,5145,8144,5161,5797,5475,6600,6147,6130,4275,6563,5989,13512,5430,5877,4561,5699,5952,4617,6106,3501,5559,3134,5040,8258,8010,5842,9060
k__Eukaryota|k__Fungi|p__Basidiomycota|c__Pucciniomycetes,1384,18616,1649,842,1308,1085,1205,1184,1550,1213,1351,847,1749,923,1089,916,1053,1179,1099,818,1505,909,8574,1027,1051,756,1062,1170,963,1811,1129,1297,955,1082,1613,1551,1078,2052
k__Eukaryota|k__Fungi|p__Basidiomycota|c__Pucciniomycetes|o__Pucciniales,1384,18616,1649,842,1308,1085,1205,1184,1550,1213,1351,847,1749,923,1089,916,1053,1179,1099,818,1505,909,8574,1027,1051,756,1062,1170,963,1811,1129,1297,955,1082,1613,1551,1078,2052
k__Eukaryota|k__Fungi|p__Basidiomycota|c__Pucciniomycetes|o__Pucciniales|f__Pucciniaceae,1384,18616,1649,842,1308,1085,1205,1184,1550,1213,1351,847,1749,923,1089,916,1053,1179,1099,818,1505,909,8574,1027,1051,756,1062,1170,963,1811,1129,1297,955,1082,1613,1551,1078,2052
k__Eukaryota|k__Fungi|p__Basidiomycota|c__Pucciniomycetes|o__Pucciniales|f__Pucciniaceae|g__Puccinia,1384,18616,1649,842,1308,1085,1205,1184,1550,1213,1351,847,1749,923,1089,916,1053,1179,1099,818,1505,909,8574,1027,1051,756,1062,1170,963,1811,1129,1297,955,1082,1613,1551,1078,2052
k__Eukaryota|k__Fungi|p__Basidiomycota|c__Pucciniomycetes|o__Pucciniales|f__Pucciniaceae|g__Puccinia|s__Puccinia_triticina,654,728,1386,507,635,522,653,666,918,728,838,590,1016,537,670,650,715,759,738,559,905,647,610,586,634,490,646,726,580,897,719,693,663,658,851,890,734,1226
k__Eukaryota|k__Fungi|p__Basidiomycota|c__Pucciniomycetes|o__Pucciniales|f__Pucciniaceae|g__Puccinia|s__Puccinia_striiformis,729,17887,262,335,673,563,551,518,631,485,513,257,733,386,418,266,338,420,361,258,599,261,7963,441,416,266,415,444,382,913,409,603,291,423,761,661,344,825
k__Eukaryota|k__Fungi|p__Basidiomycota|c__Ustilaginomycetes,882,1222,1141,797,868,1031,770,1340,1305,1103,1525,1100,1526,1029,1236,1132,1355,1131,1296,807,1091,1339,1351,1242,1120,978,1195,1259,961,1066,487,1264,561,384,1310,1362,1294,1634
k__Eukaryota|k__Fungi|p__Basidiomycota|c__Ustilaginomycetes|o__Ustilaginales,882,1222,1141,797,868,1031,770,1340,1305,1103,1525,1100,1526,1029,1236,1132,1355,1131,1296,807,1091,1339,1351,1242,1120,978,1195,1259,961,1066,487,1264,561,384,1310,1362,1294,1634
k__Eukaryota|k__Fungi|p__Basidiomycota|c__Ustilaginomycetes|o__Ustilaginales|f__Ustilaginaceae,882,1222,1141,797,868,1031,770,1340,1305,1103,1525,1100,1526,1029,1236,1132,1355,1131,1296,807,1091,1339,1351,1242,1120,978,1195,1259,961,1066,487,1264,561,384,1310,1362,1294,1634
k__Eukaryota|k__Fungi|p__Basidiomycota|c__Ustilaginomycetes|o__Ustilaginales|f__Ustilaginaceae|g__Ustilago,369,552,375,334,367,465,296,654,655,458,688,510,597,420,558,474,584,479,665,382,521,670,738,566,453,426,531,598,420,485,221,479,194,243,554,644,622,674
k__Eukaryota|k__Fungi|p__Basidiomycota|c__Ustilaginomycetes|o__Ustilaginales|f__Ustilaginaceae|g__Ustilago|s__Ustilago_maydis,369,552,375,334,367,465,296,654,655,458,688,510,597,420,558,474,584,479,665,382,521,670,738,566,453,426,531,598,420,485,221,479,194,243,554,644,622,674
k__Eukaryota|k__Fungi|p__Basidiomycota|c__Ustilaginomycetes|o__Ustilaginales|f__Ustilaginaceae|g__Sporisorium,513,669,765,462,501,566,473,685,650,644,836,589,929,609,677,658,771,651,631,424,569,669,613,675,666,551,663,660,540,580,265,784,366,141,756,718,671,959
k__Eukaryota|k__Fungi|p__Basidiomycota|c__Ustilaginomycetes|o__Ustilaginales|f__Ustilaginaceae|g__Sporisorium|s__Sporisorium_graminicola,513,669,765,462,501,566,473,685,650,644,836,589,929,609,677,658,771,651,631,424,569,669,613,675,666,551,663,660,540,580,265,784,366,141,756,718,671,959
k__Eukaryota|k__Fungi|p__Basidiomycota|c__Malasseziomycetes,945,725,818,814,1396,946,658,1297,1093,1292,1696,1387,1671,1372,1331,1340,1744,1498,1417,1030,967,1574,898,1059,1480,1155,1272,1263,919,854,399,622,368,633,2447,2049,1343,1850
k__Eukaryota|k__Fungi|p__Basidiomycota|c__Malasseziomycetes|o__Malasseziales,945,725,818,814,1396,946,658,1297,1093,1292,1696,1387,1671,1372,1331,1340,1744,1498,1417,1030,967,1574,898,1059,1480,1155,1272,1263,919,854,399,622,368,633,2447,2049,1343,1850
k__Eukaryota|k__Fungi|p__Basidiomycota|c__Malasseziomycetes|o__Malasseziales|f__Malasseziaceae,945,725,818,814,1396,946,658,1297,1093,1292,1696,1387,1671,1372,1331,1340,1744,1498,1417,1030,967,1574,898,1059,1480,1155,1272,1263,919,854,399,622,368,633,2447,2049,1343,1850
k__Eukaryota|k__Fungi|p__Basidiomycota|c__Malasseziomycetes|o__Malasseziales|f__Malasseziaceae|g__Malassezia,945,725,818,814,1396,946,658,1297,1093,1292,1696,1387,1671,1372,1331,1340,1744,1498,1417,1030,967,1574,898,1059,1480,1155,1272,1263,919,854,399,622,368,633,2447,2049,1343,1850
k__Eukaryota|k__Fungi|p__Basidiomycota|c__Malasseziomycetes|o__Malasseziales|f__Malasseziaceae|g__Malassezia|s__Malassezia_vespertilionis,179,156,265,136,174,183,177,241,223,260,295,248,321,232,244,253,301,256,244,172,197,266,176,192,285,222,221,254,187,126,93,100,73,83,236,233,236,360
k__Eukaryota|k__Fungi|p__Basidiomycota|c__Malasseziomycetes|o__Malasseziales|f__Malasseziaceae|g__Malassezia|s__Malassezia_restricta,269,193,154,163,718,201,117,266,241,254,287,279,342,209,213,250,320,349,290,210,199,275,178,185,264,203,234,214,159,279,147,222,106,283,1399,1011,237,347
k__Eukaryota|k__Fungi|p__Basidiomycota|c__Malasseziomycetes|o__Malasseziales|f__Malasseziaceae|g__Malassezia|s__Malassezia_japonica,497,374,398,514,502,561,364,789,628,778,1113,859,1007,930,873,836,1122,892,882,648,569,1033,543,681,929,729,816,795,572,447,158,299,188,266,811,804,868,1141
k__Eukaryota|k__Fungi|p__Basidiomycota|c__Tremellomycetes,1008,1175,2054,906,1195,971,903,1266,1408,1395,1632,1160,1775,1068,1276,1304,1595,1465,1430,1008,1921,1395,1428,1148,1421,1048,1272,1290,961,1045,648,1035,596,1977,1445,1531,1268,1886
k__Eukaryota|k__Fungi|p__Basidiomycota|c__Tremellomycetes|o__Tremellales,464,638,580,399,620,367,480,577,661,585,636,359,742,339,438,483,497,508,474,338,610,388,754,513,440,367,460,503,377,585,371,656,218,550,740,687,411,852
k__Eukaryota|k__Fungi|p__Basidiomycota|c__Tremellomycetes|o__Tremellales|f__Cryptococcaceae,464,638,580,399,620,367,480,577,661,585,636,359,742,339,438,483,497,508,474,338,610,388,754,513,440,367,460,503,377,585,371,656,218,550,740,687,411,852
k__Eukaryota|k__Fungi|p__Basidiomycota|c__Tremellomycetes|o__Tremellales|f__Cryptococcaceae|g__Cryptococcus,464,638,580,399,620,367,480,577,661,585,636,359,742,339,438,483,497,508,474,338,610,388,754,513,440,367,460,503,377,585,371,656,218,550,740,687,411,852
k__Eukaryota|k__Fungi|p__Basidiomycota|c__Tremellomycetes|o__Tremellales|f__Cryptococcaceae|g__Cryptococcus|s__Cryptococcus_gattii,189,236,338,167,237,142,201,237,286,227,279,147,296,150,188,194,205,230,195,146,261,185,376,212,192,182,182,209,148,246,146,405,73,140,307,295,170,348
k__Eukaryota|k__Fungi|p__Basidiomycota|c__Tremellomycetes|o__Tremellales|f__Cryptococcaceae|g__Cryptococcus|s__Cryptococcus_neoformans,274,401,241,232,382,224,278,340,375,357,357,212,446,189,249,289,291,278,278,192,348,203,377,300,248,184,278,293,229,338,224,250,144,410,433,392,241,503
k__Eukaryota|k__Fungi|p__Basidiomycota|c__Tremellomycetes|o__Trichosporonales,543,537,1474,506,574,604,423,689,747,810,996,801,1032,729,838,820,1097,957,955,669,1310,1006,673,635,980,681,812,786,583,460,277,378,378,1426,705,844,856,1033
k__Eukaryota|k__Fungi|p__Basidiomycota|c__Tremellomycetes|o__Trichosporonales|f__Trichosporonaceae,543,537,1474,506,574,604,423,689,747,810,996,801,1032,729,838,820,1097,957,955,669,1310,1006,673,635,980,681,812,786,583,460,277,378,378,1426,705,844,856,1033
k__Eukaryota|k__Fungi|p__Basidiomycota|c__Tremellomycetes|o__Trichosporonales|f__Trichosporonaceae|g__Cutaneotrichosporon,543,537,1474,506,574,604,423,689,747,810,996,801,1032,729,838,820,1097,957,955,669,1310,1006,673,635,980,681,812,786,583,460,277,378,378,1426,705,844,856,1033
k__Eukaryota|k__Fungi|p__Basidiomycota|c__Tremellomycetes|o__Trichosporonales|f__Trichosporonaceae|g__Cutaneotrichosporon|s__Cutaneotrichosporon_cavernicola,543,537,1474,506,574,604,423,689,747,810,996,801,1032,729,838,820,1097,957,955,669,1310,1006,673,635,980,681,812,786,583,460,277,378,378,1426,705,844,856,1033
k__Eukaryota|k__Fungi|p__Basidiomycota|c__Agaricomycetes,1100,1299,1306,1014,1305,697,955,870,1412,1003,1013,648,1421,768,863,781,851,873,885,609,1078,769,1259,951,804,622,897,968,813,1329,836,1339,652,963,1441,1515,858,1637
k__Eukaryota|k__Fungi|p__Basidiomycota|c__Agaricomycetes|o__Cantharellales,330,271,192,266,303,206,274,262,339,294,298,201,370,246,255,236,263,270,235,203,332,221,296,262,238,162,293,284,208,372,244,460,187,380,423,383,257,484
k__Eukaryota|k__Fungi|p__Basidiomycota|c__Agaricomycetes|o__Cantharellales|f__Ceratobasidiaceae,330,271,192,266,303,206,274,262,339,294,298,201,370,246,255,236,263,270,235,203,332,221,296,262,238,162,293,284,208,372,244,460,187,380,423,383,257,484
k__Eukaryota|k__Fungi|p__Basidiomycota|c__Agaricomycetes|o__Cantharellales|f__Ceratobasidiaceae|g__Rhizoctonia,330,271,192,266,303,206,274,262,339,294,298,201,370,246,255,236,263,270,235,203,332,221,296,262,238,162,293,284,208,372,244,460,187,380,423,383,257,484
k__Eukaryota|k__Fungi|p__Basidiomycota|c__Agaricomycetes|o__Cantharellales|f__Ceratobasidiaceae|g__Rhizoctonia|s__Rhizoctonia_solani,330,271,192,266,303,206,274,262,339,294,298,201,370,246,255,236,263,270,235,203,332,221,296,262,238,162,293,284,208,372,244,460,187,380,423,383,257,484
k__Eukaryota|k__Fungi|p__Basidiomycota|c__Agaricomycetes|o__Agaricales,770,1027,1113,748,1002,490,680,607,1072,708,715,447,1050,522,608,545,587,602,649,405,745,548,963,688,566,459,603,684,604,956,591,878,465,582,1017,1132,600,1152
k__Eukaryota|k__Fungi|p__Basidiomycota|c__Agaricomycetes|o__Agaricales|f__Marasmiaceae,282,443,108,278,267,179,269,196,416,236,234,159,410,202,182,187,210,224,258,146,232,175,264,234,199,161,223,203,214,360,238,469,190,221,389,356,210,428
k__Eukaryota|k__Fungi|p__Basidiomycota|c__Agaricomycetes|o__Agaricales|f__Marasmiaceae|g__Marasmius,282,443,108,278,267,179,269,196,416,236,234,159,410,202,182,187,210,224,258,146,232,175,264,234,199,161,223,203,214,360,238,469,190,221,389,356,210,428
k__Eukaryota|k__Fungi|p__Basidiomycota|c__Agaricomycetes|o__Agaricales|f__Marasmiaceae|g__Marasmius|s__Marasmius_oreades,282,443,108,278,267,179,269,196,416,236,234,159,410,202,182,187,210,224,258,146,232,175,264,234,199,161,223,203,214,360,238,469,190,221,389,356,210,428
k__Eukaryota|k__Fungi|p__Basidiomycota|c__Agaricomycetes|o__Agaricales|f__Strophariaceae,488,584,1004,469,735,311,411,411,655,472,480,287,640,319,426,357,377,378,391,259,513,372,698,454,366,297,380,480,389,596,352,409,274,361,628,776,390,724
k__Eukaryota|k__Fungi|p__Basidiomycota|c__Agaricomycetes|o__Agaricales|f__Strophariaceae|g__Psilocybe,488,584,1004,469,735,311,411,411,655,472,480,287,640,319,426,357,377,378,391,259,513,372,698,454,366,297,380,480,389,596,352,409,274,361,628,776,390,724
k__Eukaryota|k__Fungi|p__Basidiomycota|c__Agaricomycetes|o__Agaricales|f__Strophariaceae|g__Psilocybe|s__Psilocybe_cubensis,488,584,1004,469,735,311,411,411,655,472,480,287,640,319,426,357,377,378,391,259,513,372,698,454,366,297,380,480,389,596,352,409,274,361,628,776,390,724
k__Eukaryota|k__Fungi|p__Ascomycota,26918,39914,26039,34112,31343,26313,24057,28972,43481,37187,33538,23228,42759,37886,27502,24817,30046,29330,29750,20743,35605,26192,37039,26899,27775,22983,28964,29388,24638,36501,20097,27654,17238,27007,34033,39076,27734,45912
k__Eukaryota|k__Fungi|p__Ascomycota|c__Schizosaccharomycetes,399,570,115,238,632,490,515,265,432,327,261,127,436,120,142,92,113,206,187,112,316,99,482,284,163,106,235,253,258,838,548,537,151,200,785,420,193,492
k__Eukaryota|k__Fungi|p__Ascomycota|c__Schizosaccharomycetes|o__Schizosaccharomycetales,399,570,115,238,632,490,515,265,432,327,261,127,436,120,142,92,113,206,187,112,316,99,482,284,163,106,235,253,258,838,548,537,151,200,785,420,193,492
k__Eukaryota|k__Fungi|p__Ascomycota|c__Schizosaccharomycetes|o__Schizosaccharomycetales|f__Schizosaccharomycetaceae,399,570,115,238,632,490,515,265,432,327,261,127,436,120,142,92,113,206,187,112,316,99,482,284,163,106,235,253,258,838,548,537,151,200,785,420,193,492
k__Eukaryota|k__Fungi|p__Ascomycota|c__Schizosaccharomycetes|o__Schizosaccharomycetales|f__Schizosaccharomycetaceae|g__Schizosaccharomyces,399,570,115,238,632,490,515,265,432,327,261,127,436,120,142,92,113,206,187,112,316,99,482,284,163,106,235,253,258,838,548,537,151,200,785,420,193,492
k__Eukaryota|k__Fungi|p__Ascomycota|c__Schizosaccharomycetes|o__Schizosaccharomycetales|f__Schizosaccharomycetaceae|g__Schizosaccharomyces|s__Schizosaccharomyces_osmophilus,206,294,44,130,377,330,203,142,243,183,125,73,200,69,71,49,51,108,98,53,171,55,262,158,97,57,109,130,138,497,223,131,91,115,438,195,107,256
k__Eukaryota|k__Fungi|p__Ascomycota|c__Schizosaccharomycetes|o__Schizosaccharomycetales|f__Schizosaccharomycetaceae|g__Schizosaccharomyces|s__Schizosaccharomyces_pombe,192,275,71,107,254,159,312,123,189,143,135,54,235,51,71,43,61,97,89,58,145,43,219,126,65,48,125,122,119,340,325,406,60,84,347,225,86,236
k__Eukaryota|k__Fungi|p__Ascomycota|c__Saccharomycetes,8271,13803,3726,3912,10703,6283,7746,5953,8710,5798,6205,3212,8486,3161,4672,3212,4194,4813,4823,3333,7838,3049,12963,6223,4210,3075,6813,5901,5120,14994,6252,10980,4589,7234,10857,8272,4949,9361
k__Eukaryota|k__Fungi|p__Ascomycota|c__Saccharomycetes|o__Saccharomycetales,8271,13803,3726,3912,10703,6283,7746,5953,8710,5798,6205,3212,8486,3161,4672,3212,4194,4813,4823,3333,7838,3049,12963,6223,4210,3075,6813,5901,5120,14994,6252,10980,4589,7234,10857,8272,4949,9361
k__Eukaryota|k__Fungi|p__Ascomycota|c__Saccharomycetes|o__Saccharomycetales|f__Phaffomycetaceae,75,144,44,56,187,51,119,91,96,72,70,35,106,29,59,37,50,68,60,35,92,30,154,89,48,41,49,72,63,191,90,120,137,60,169,97,37,142
k__Eukaryota|k__Fungi|p__Ascomycota|c__Saccharomycetes|o__Saccharomycetales|f__Phaffomycetaceae|g__Komagataella,75,144,44,56,187,51,119,91,96,72,70,35,106,29,59,37,50,68,60,35,92,30,154,89,48,41,49,72,63,191,90,120,137,60,169,97,37,142
k__Eukaryota|k__Fungi|p__Ascomycota|c__Saccharomycetes|o__Saccharomycetales|f__Phaffomycetaceae|g__Komagataella|s__Komagataella_phaffii,75,144,44,56,187,51,119,91,96,72,70,35,106,29,59,37,50,68,60,35,92,30,154,89,48,41,49,72,63,191,90,120,137,60,169,97,37,142
k__Eukaryota|k__Fungi|p__Ascomycota|c__Saccharomycetes|o__Saccharomycetales|f__Dipodascaceae,281,542,187,276,326,329,216,298,307,308,303,184,444,212,260,191,297,264,313,172,300,188,576,255,269,211,233,377,261,314,207,202,120,158,364,279,278,444
k__Eukaryota|k__Fungi|p__Ascomycota|c__Saccharomycetes|o__Saccharomycetales|f__Dipodascaceae|g__Yarrowia,281,542,187,276,326,329,216,298,307,308,303,184,444,212,260,191,297,264,313,172,300,188,576,255,269,211,233,377,261,314,207,202,120,158,364,279,278,444
k__Eukaryota|k__Fungi|p__Ascomycota|c__Saccharomycetes|o__Saccharomycetales|f__Dipodascaceae|g__Yarrowia|s__Yarrowia_lipolytica,281,542,187,276,326,329,216,298,307,308,303,184,444,212,260,191,297,264,313,172,300,188,576,255,269,211,233,377,261,314,207,202,120,158,364,279,278,444
k__Eukaryota|k__Fungi|p__Ascomycota|c__Saccharomycetes|o__Saccharomycetales|f__Saccharomycodaceae,334,920,66,149,360,177,439,194,355,176,154,48,257,87,122,50,52,140,122,96,227,52,746,210,95,59,175,196,207,536,268,350,107,273,478,323,153,321
k__Eukaryota|k__Fungi|p__Ascomycota|c__Saccharomycetes|o__Saccharomycetales|f__Saccharomycodaceae|g__Saccharomycodes,334,920,66,149,360,177,439,194,355,176,154,48,257,87,122,50,52,140,122,96,227,52,746,210,95,59,175,196,207,536,268,350,107,273,478,323,153,321
k__Eukaryota|k__Fungi|p__Ascomycota|c__Saccharomycetes|o__Saccharomycetales|f__Saccharomycodaceae|g__Saccharomycodes|s__Saccharomycodes_ludwigii,334,920,66,149,360,177,439,194,355,176,154,48,257,87,122,50,52,140,122,96,227,52,746,210,95,59,175,196,207,536,268,350,107,273,478,323,153,321
k__Eukaryota|k__Fungi|p__Ascomycota|c__Saccharomycetes|o__Saccharomycetales|f__Trichomonascaceae,368,399,198,157,222,214,237,327,297,215,221,100,287,106,161,130,129,193,163,126,509,113,641,273,175,116,188,178,224,384,180,668,174,242,370,324,193,351
k__Eukaryota|k__Fungi|p__Ascomycota|c__Saccharomycetes|o__Saccharomycetales|f__Trichomonascaceae|g__Sugiyamaella,368,399,198,157,222,214,237,327,297,215,221,100,287,106,161,130,129,193,163,126,509,113,641,273,175,116,188,178,224,384,180,668,174,242,370,324,193,351
k__Eukaryota|k__Fungi|p__Ascomycota|c__Saccharomycetes|o__Saccharomycetales|f__Trichomonascaceae|g__Sugiyamaella|s__Sugiyamaella_lignohabitans,368,399,198,157,222,214,237,327,297,215,221,100,287,106,161,130,129,193,163,126,509,113,641,273,175,116,188,178,224,384,180,668,174,242,370,324,193,351
k__Eukaryota|k__Fungi|p__Ascomycota|c__Saccharomycetes|o__Saccharomycetales|f__Pichiaceae,687,1199,390,375,1466,734,613,582,789,587,786,306,859,310,492,291,373,462,475,331,837,277,1486,784,379,305,2137,571,416,2706,833,677,582,592,895,718,492,892
k__Eukaryota|k__Fungi|p__Ascomycota|c__Saccharomycetes|o__Saccharomycetales|f__Pichiaceae|g__Ogataea,94,230,188,88,86,326,131,165,210,164,185,116,211,94,133,113,166,170,163,123,137,117,201,124,130,102,139,132,86,171,124,74,170,66,206,172,143,225
k__Eukaryota|k__Fungi|p__Ascomycota|c__Saccharomycetes|o__Saccharomycetales|f__Pichiaceae|g__Ogataea|s__Ogataea_parapolymorpha,94,230,188,88,86,326,131,165,210,164,185,116,211,94,133,113,166,170,163,123,137,117,201,124,130,102,139,132,86,171,124,74,170,66,206,172,143,225
k__Eukaryota|k__Fungi|p__Ascomycota|c__Saccharomycetes|o__Saccharomycetales|f__Pichiaceae|g__Pichia,200,478,34,88,328,134,187,127,192,154,184,53,251,65,93,44,53,84,91,71,157,61,535,129,78,84,112,162,109,1638,380,200,100,164,258,216,103,230
k__Eukaryota|k__Fungi|p__Ascomycota|c__Saccharomycetes|o__Saccharomycetales|f__Pichiaceae|g__Pichia|s__Pichia_kudriavzevii,200,478,34,88,328,134,187,127,192,154,184,53,251,65,93,44,53,84,91,71,157,61,535,129,78,84,112,162,109,1638,380,200,100,164,258,216,103,230
k__Eukaryota|k__Fungi|p__Ascomycota|c__Saccharomycetes|o__Saccharomycetales|f__Pichiaceae|g__Brettanomyces,392,490,168,199,1050,274,294,289,385,268,417,136,396,149,265,133,152,207,220,136,543,98,749,530,170,118,1885,276,220,896,328,402,311,361,430,329,245,436
k__Eukaryota|k__Fungi|p__Ascomycota|c__Saccharomycetes|o__Saccharomycetales|f__Pichiaceae|g__Brettanomyces|s__Brettanomyces_nanus,180,256,107,105,843,138,130,180,176,136,282,60,171,77,158,61,62,96,84,64,336,44,459,280,99,60,1763,136,114,640,213,253,159,270,210,148,137,213
k__Eukaryota|k__Fungi|p__Ascomycota|c__Saccharomycetes|o__Saccharomycetales|f__Pichiaceae|g__Brettanomyces|s__Brettanomyces_bruxellensis,212,234,60,93,207,135,164,108,208,132,134,75,224,72,106,72,89,110,135,72,206,53,290,249,70,58,121,139,105,255,114,149,151,90,220,180,108,222
k__Eukaryota|k__Fungi|p__Ascomycota|c__Saccharomycetes|o__Saccharomycetales|f__Metschnikowiaceae,134,190,75,111,189,154,124,111,184,125,127,79,198,77,90,82,71,106,114,68,120,59,240,115,109,56,99,109,105,172,147,100,105,79,250,147,102,185
k__Eukaryota|k__Fungi|p__Ascomycota|c__Saccharomycetes|o__Saccharomycetales|f__Metschnikowiaceae|g__Candida/Metschnikowiaceae,134,190,75,111,189,154,124,111,184,125,127,79,198,77,90,82,71,106,114,68,120,59,240,115,109,56,99,109,105,172,147,100,105,79,250,147,102,185
k__Eukaryota|k__Fungi|p__Ascomycota|c__Saccharomycetes|o__Saccharomycetales|f__Metschnikowiaceae|g__Candida/Metschnikowiaceae|s__[Candida]_auris,134,190,75,111,189,154,124,111,184,125,127,79,198,77,90,82,71,106,114,68,120,59,240,115,109,56,99,109,105,172,147,100,105,79,250,147,102,185
k__Eukaryota|k__Fungi|p__Ascomycota|c__Saccharomycetes|o__Saccharomycetales|f__Debaryomycetaceae,1905,3675,725,704,2415,1311,1727,1138,1764,1102,1149,472,1565,498,809,437,509,715,698,531,1600,358,2782,1469,625,445,979,1169,1218,3371,1335,3119,981,1800,2392,1988,876,1742
k__Eukaryota|k__Fungi|p__Ascomycota|c__Saccharomycetes|o__Saccharomycetales|f__Debaryomycetaceae|g__Scheffersomyces,118,284,183,79,210,122,183,139,202,133,140,62,196,60,111,64,78,109,88,61,172,51,261,154,89,42,140,140,108,240,258,497,126,240,228,182,101,200
k__Eukaryota|k__Fungi|p__Ascomycota|c__Saccharomycetes|o__Saccharomycetales|f__Debaryomycetaceae|g__Scheffersomyces|s__Scheffersomyces_stipitis,118,284,183,79,210,122,183,139,202,133,140,62,196,60,111,64,78,109,88,61,172,51,261,154,89,42,140,140,108,240,258,497,126,240,228,182,101,200
k__Eukaryota|k__Fungi|p__Ascomycota|c__Saccharomycetes|o__Saccharomycetales|f__Debaryomycetaceae|g__Debaryomyces,204,461,48,88,234,143,211,178,250,127,103,48,184,50,65,41,39,56,93,55,148,41,212,134,60,47,105,116,99,472,137,601,152,184,283,513,94,216
k__Eukaryota|k__Fungi|p__Ascomycota|c__Saccharomycetes|o__Saccharomycetales|f__Debaryomycetaceae|g__Debaryomyces|s__Debaryomyces_hansenii,204,461,48,88,234,143,211,178,250,127,103,48,184,50,65,41,39,56,93,55,148,41,212,134,60,47,105,116,99,472,137,601,152,184,283,513,94,216
k__Eukaryota|k__Fungi|p__Ascomycota|c__Saccharomycetes|o__Saccharomycetales|f__Debaryomycetaceae|g__Lodderomyces,501,860,153,133,374,355,345,233,396,267,334,131,368,170,216,126,160,189,175,154,428,104,958,404,154,142,249,300,261,755,253,454,105,532,620,393,242,397
k__Eukaryota|k__Fungi|p__Ascomycota|c__Saccharomycetes|o__Saccharomycetales|f__Debaryomycetaceae|g__Lodderomyces|s__Lodderomyces_elongisporus,501,860,153,133,374,355,345,233,396,267,334,131,368,170,216,126,160,189,175,154,428,104,958,404,154,142,249,300,261,755,253,454,105,532,620,393,242,397
k__Eukaryota|k__Fungi|p__Ascomycota|c__Saccharomycetes|o__Saccharomycetales|f__Debaryomycetaceae|g__Candida,1080,2069,340,402,1595,689,986,586,916,573,571,230,816,217,415,205,231,360,340,260,850,161,1349,776,320,213,484,611,748,1902,686,1565,596,844,1260,899,438,928
k__Eukaryota|k__Fungi|p__Ascomycota|c__Saccharomycetes|o__Saccharomycetales|f__Debaryomycetaceae|g__Candida|s__Candida_orthopsilosis,179,457,111,97,409,151,226,156,220,155,165,60,206,55,97,61,56,91,94,60,149,42,285,151,90,51,96,172,123,534,178,188,75,129,286,174,102,219
k__Eukaryota|k__Fungi|p__Ascomycota|c__Saccharomycetes|o__Saccharomycetales|f__Debaryomycetaceae|g__Candida|s__Candida_dubliniensis,342,789,104,156,503,286,342,213,359,212,205,79,296,76,174,67,91,123,120,96,355,60,639,300,96,91,223,238,222,727,304,1058,286,380,511,359,171,367
k__Eukaryota|k__Fungi|p__Ascomycota|c__Saccharomycetes|o__Saccharomycetales|f__Debaryomycetaceae|g__Candida|s__Candida_albicans,558,822,124,148,682,251,417,216,336,206,200,90,313,85,144,76,83,145,125,103,345,58,423,324,133,69,164,200,402,640,203,318,234,334,462,365,164,341
k__Eukaryota|k__Fungi|p__Ascomycota|c__Saccharomycetes|o__Saccharomycetales|f__Saccharomycetaceae,4484,6730,2036,2080,5535,3310,4267,3208,4913,3208,3392,1983,4765,1839,2674,1990,2710,2862,2875,1971,4148,1968,6333,3023,2507,1838,2947,3225,2622,7315,3188,5741,2379,4026,5936,4392,2813,5281
k__Eukaryota|k__Fungi|p__Ascomycota|c__Saccharomycetes|o__Saccharomycetales|f__Saccharomycetaceae|g__Zygotorulaspora,142,281,39,80,138,96,158,126,165,124,118,71,164,92,98,50,66,73,73,59,140,50,241,129,102,68,80,106,93,392,110,243,55,89,175,206,89,202
k__Eukaryota|k__Fungi|p__Ascomycota|c__Saccharomycetes|o__Saccharomycetales|f__Saccharomycetaceae|g__Zygotorulaspora|s__Zygotorulaspora_mrakii,142,281,39,80,138,96,158,126,165,124,118,71,164,92,98,50,66,73,73,59,140,50,241,129,102,68,80,106,93,392,110,243,55,89,175,206,89,202
k__Eukaryota|k__Fungi|p__Ascomycota|c__Saccharomycetes|o__Saccharomycetales|f__Saccharomycetaceae|g__Lachancea,149,146,82,104,131,116,108,146,171,163,126,145,204,128,137,151,196,174,148,105,152,128,170,114,138,125,140,150,110,145,95,395,78,224,194,193,144,235
k__Eukaryota|k__Fungi|p__Ascomycota|c__Saccharomycetes|o__Saccharomycetales|f__Saccharomycetaceae|g__Lachancea|s__Lachancea_thermotolerans,149,146,82,104,131,116,108,146,171,163,126,145,204,128,137,151,196,174,148,105,152,128,170,114,138,125,140,150,110,145,95,395,78,224,194,193,144,235
k__Eukaryota|k__Fungi|p__Ascomycota|c__Saccharomycetes|o__Saccharomycetales|f__Saccharomycetaceae|g__Nakaseomyces,213,298,80,103,217,137,222,127,246,142,145,84,213,53,131,74,118,93,104,76,180,62,526,115,97,75,132,125,115,267,107,316,129,188,290,178,137,276
k__Eukaryota|k__Fungi|p__Ascomycota|c__Saccharomycetes|o__Saccharomycetales|f__Saccharomycetaceae|g__Nakaseomyces|s__Nakaseomyces_glabratus,213,298,80,103,217,137,222,127,246,142,145,84,213,53,131,74,118,93,104,76,180,62,526,115,97,75,132,125,115,267,107,316,129,188,290,178,137,276
k__Eukaryota|k__Fungi|p__Ascomycota|c__Saccharomycetes|o__Saccharomycetales|f__Saccharomycetaceae|g__Torulaspora,232,301,73,135,201,177,219,173,292,174,189,125,292,104,148,93,196,180,163,110,210,107,244,172,154,150,160,182,126,385,197,230,153,200,324,255,127,340
k__Eukaryota|k__Fungi|p__Ascomycota|c__Saccharomycetes|o__Saccharomycetales|f__Saccharomycetaceae|g__Torulaspora|s__Torulaspora_globosa,99,148,50,67,129,71,123,91,155,95,103,73,143,61,94,55,114,109,101,71,119,75,120,88,96,117,85,106,65,245,122,97,109,122,160,113,83,186
k__Eukaryota|k__Fungi|p__Ascomycota|c__Saccharomycetes|o__Saccharomycetales|f__Saccharomycetaceae|g__Torulaspora|s__Torulaspora_delbrueckii,133,152,23,67,71,106,95,81,137,78,86,52,149,43,53,37,81,71,61,38,91,31,123,84,58,33,74,75,60,139,75,132,43,77,164,142,43,154
k__Eukaryota|k__Fungi|p__Ascomycota|c__Saccharomycetes|o__Saccharomycetales|f__Saccharomycetaceae|g__Zygosaccharomyces,245,268,51,60,211,99,131,99,146,89,97,62,160,51,103,50,52,84,66,53,138,53,224,105,60,41,62,150,81,268,170,179,57,204,273,142,76,186
k__Eukaryota|k__Fungi|p__Ascomycota|c__Saccharomycetes|o__Saccharomycetales|f__Saccharomycetaceae|g__Zygosaccharomyces|s__Zygosaccharomyces_rouxii,245,268,51,60,211,99,131,99,146,89,97,62,160,51,103,50,52,84,66,53,138,53,224,105,60,41,62,150,81,268,170,179,57,204,273,142,76,186
k__Eukaryota|k__Fungi|p__Ascomycota|c__Saccharomycetes|o__Saccharomycetales|f__Saccharomycetaceae|g__Kluyveromyces,334,640,174,167,366,337,306,210,363,261,284,145,368,126,169,139,177,200,278,152,325,144,577,305,199,137,212,248,199,506,253,459,130,134,517,333,203,388
k__Eukaryota|k__Fungi|p__Ascomycota|c__Saccharomycetes|o__Saccharomycetales|f__Saccharomycetaceae|g__Kluyveromyces|s__Kluyveromyces_lactis,111,198,63,60,250,92,148,86,169,105,93,47,134,39,53,36,42,69,94,56,89,49,213,128,76,40,61,119,83,213,128,230,80,58,209,118,72,155
k__Eukaryota|k__Fungi|p__Ascomycota|c__Saccharomycetes|o__Saccharomycetales|f__Saccharomycetaceae|g__Kluyveromyces|s__Kluyveromyces_marxianus,223,442,110,107,115,245,157,124,194,155,190,98,234,87,116,102,134,130,183,96,236,94,363,176,122,97,150,129,115,292,125,229,49,75,307,214,130,233
k__Eukaryota|k__Fungi|p__Ascomycota|c__Saccharomycetes|o__Saccharomycetales|f__Saccharomycetaceae|g__Kazachstania,350,433,123,145,492,221,372,204,348,262,242,143,364,142,196,136,148,190,210,146,324,127,374,202,190,120,248,215,192,699,239,344,168,266,423,325,202,373
k__Eukaryota|k__Fungi|p__Ascomycota|c__Saccharomycetes|o__Saccharomycetales|f__Saccharomycetaceae|g__Kazachstania|s__Kazachstania_africana,172,256,38,65,328,104,251,84,189,126,99,48,169,44,75,38,49,76,79,45,159,43,171,92,73,42,158,96,94,479,179,170,73,184,229,176,90,188
k__Eukaryota|k__Fungi|p__Ascomycota|c__Saccharomycetes|o__Saccharomycetales|f__Saccharomycetaceae|g__Kazachstania|s__Kazachstania_naganishii,178,176,85,79,163,117,120,119,158,135,143,94,195,98,120,97,98,114,130,100,165,84,203,109,117,77,90,119,98,220,59,174,95,82,193,148,111,185
k__Eukaryota|k__Fungi|p__Ascomycota|c__Saccharomycetes|o__Saccharomycetales|f__Saccharomycetaceae|g__Naumovozyma,620,826,100,219,632,490,573,349,485,306,274,120,487,125,220,136,128,220,212,142,407,88,703,335,159,124,255,287,287,1194,374,934,269,671,653,468,243,550
k__Eukaryota|k__Fungi|p__Ascomycota|c__Saccharomycetes|o__Saccharomycetales|f__Saccharomycetaceae|g__Naumovozyma|s__Naumovozyma_castellii,253,268,50,88,130,157,252,125,219,119,112,52,195,61,100,52,54,82,114,68,189,41,261,160,78,40,111,143,117,336,166,212,127,145,267,203,110,242
k__Eukaryota|k__Fungi|p__Ascomycota|c__Saccharomycetes|o__Saccharomycetales|f__Saccharomycetaceae|g__Naumovozyma|s__Naumovozyma_dairenensis,366,558,50,131,501,332,320,223,266,187,161,67,291,63,119,83,74,138,97,73,218,47,442,175,81,83,144,144,169,858,208,721,141,525,386,264,132,308
k__Eukaryota|k__Fungi|p__Ascomycota|c__Saccharomycetes|o__Saccharomycetales|f__Saccharomycetaceae|g__Eremothecium,653,930,821,401,965,515,591,690,1081,677,994,687,1001,572,709,768,1124,931,915,706,850,871,1327,566,836,587,814,806,522,1035,432,911,313,834,964,882,789,1093
k__Eukaryota|k__Fungi|p__Ascomycota|c__Saccharomycetes|o__Saccharomycetales|f__Saccharomycetaceae|g__Eremothecium|s__Eremothecium_sinecaudum,137,297,59,65,184,139,170,85,416,110,106,64,181,54,97,76,115,132,141,88,191,65,429,103,84,54,114,160,80,292,85,185,75,90,244,204,92,228
k__Eukaryota|k__Fungi|p__Ascomycota|c__Saccharomycetes|o__Saccharomycetales|f__Saccharomycetaceae|g__Eremothecium|s__Eremothecium_cymbalariae,148,257,70,89,225,86,129,169,145,114,125,56,167,62,82,40,39,77,73,57,125,41,249,114,73,50,92,107,128,248,143,111,63,96,198,161,78,142
k__Eukaryota|k__Fungi|p__Ascomycota|c__Saccharomycetes|o__Saccharomycetales|f__Saccharomycetaceae|g__Eremothecium|s__Eremothecium_gossypii,367,375,691,246,554,289,292,434,519,452,762,566,653,456,529,652,969,721,701,559,533,764,648,349,679,483,607,538,313,494,203,614,174,647,522,516,618,722
k__Eukaryota|k__Fungi|p__Ascomycota|c__Saccharomycetes|o__Saccharomycetales|f__Saccharomycetaceae|g__Tetrapisispora,727,1251,193,279,919,532,823,422,671,429,383,158,679,175,306,132,161,256,259,157,603,115,976,450,187,141,341,371,436,1117,565,687,508,601,1010,614,308,702
k__Eukaryota|k__Fungi|p__Ascomycota|c__Saccharomycetes|o__Saccharomycetales|f__Saccharomycetaceae|g__Tetrapisispora|s__Tetrapisispora_phaffii,274,406,94,119,336,181,334,156,276,204,151,68,257,77,111,54,71,111,96,54,209,56,306,175,59,67,144,158,168,404,224,253,172,114,445,234,127,302
k__Eukaryota|k__Fungi|p__Ascomycota|c__Saccharomycetes|o__Saccharomycetales|f__Saccharomycetaceae|g__Tetrapisispora|s__Tetrapisispora_blattae,453,845,98,160,583,350,488,265,395,224,232,90,421,97,195,78,89,145,162,103,393,59,669,275,128,73,197,212,267,712,340,433,336,487,564,380,181,399
k__Eukaryota|k__Fungi|p__Ascomycota|c__Saccharomycetes|o__Saccharomycetales|f__Saccharomycetaceae|g__Saccharomyces,815,1352,296,382,1259,584,760,658,940,577,535,238,827,265,453,256,340,456,442,261,815,218,967,525,380,266,498,581,456,1303,641,1038,514,610,1106,792,492,930
k__Eukaryota|k__Fungi|p__Ascomycota|c__Saccharomycetes|o__Saccharomycetales|f__Saccharomycetaceae|g__Saccharomyces|s__Saccharomyces_mikatae,122,276,70,69,171,143,147,100,176,94,116,49,151,46,68,36,69,94,100,49,136,33,182,108,79,38,100,109,93,239,114,156,85,193,196,142,92,166
k__Eukaryota|k__Fungi|p__Ascomycota|c__Saccharomycetes|o__Saccharomycetales|f__Saccharomycetaceae|g__Saccharomyces|s__Saccharomyces_cerevisiae,182,278,48,79,656,84,179,203,197,118,127,46,208,62,92,67,61,104,86,49,182,55,226,128,92,48,90,150,98,356,122,137,69,156,343,193,106,208
k__Eukaryota|k__Fungi|p__Ascomycota|c__Saccharomycetes|o__Saccharomycetales|f__Saccharomycetaceae|g__Saccharomyces|s__Saccharomyces_kudriavzevii,171,345,72,78,145,77,117,114,186,128,111,62,189,56,100,44,99,97,89,55,180,63,182,96,73,70,108,116,99,195,91,171,161,83,205,203,112,205
k__Eukaryota|k__Fungi|p__Ascomycota|c__Saccharomycetes|o__Saccharomycetales|f__Saccharomycetaceae|g__Saccharomyces|s__Saccharomyces_paradoxus,172,234,37,76,137,159,163,127,178,111,71,32,131,34,94,46,50,69,95,34,146,33,184,91,60,37,83,96,75,280,133,396,90,120,181,114,82,158
k__Eukaryota|k__Fungi|p__Ascomycota|c__Saccharomycetes|o__Saccharomycetales|f__Saccharomycetaceae|g__Saccharomyces|s__Saccharomyces_eubayanus,166,217,66,78,148,120,152,112,201,123,109,48,147,65,97,60,59,89,69,70,169,32,191,99,73,70,115,109,90,231,180,176,107,56,179,139,98,191
k__Eukaryota|k__Fungi|p__Ascomycota|c__Dothideomycetes,1489,1751,1698,6236,2040,2165,1361,1939,4676,4600,2341,1763,3724,3269,2031,2041,2364,2220,2247,1626,2160,2054,1883,1857,2242,1668,1907,2331,1807,1879,1448,1358,1222,1900,2192,3471,2017,4026
k__Eukaryota|k__Fungi|p__Ascomycota|c__Dothideomycetes|o__Pleosporales,524,545,602,1319,912,900,464,714,1300,2553,860,619,1590,1976,781,758,907,757,860,621,909,798,723,745,841,652,684,933,758,714,550,496,396,512,822,1559,757,1388
k__Eukaryota|k__Fungi|p__Ascomycota|c__Dothideomycetes|o__Pleosporales|f__Didymellaceae,524,545,602,1319,912,900,464,714,1300,2553,860,619,1590,1976,781,758,907,757,860,621,909,798,723,745,841,652,684,933,758,714,550,496,396,512,822,1559,757,1388
k__Eukaryota|k__Fungi|p__Ascomycota|c__Dothideomycetes|o__Pleosporales|f__Didymellaceae|g__Ascochyta,524,545,602,1319,912,900,464,714,1300,2553,860,619,1590,1976,781,758,907,757,860,621,909,798,723,745,841,652,684,933,758,714,550,496,396,512,822,1559,757,1388
k__Eukaryota|k__Fungi|p__Ascomycota|c__Dothideomycetes|o__Pleosporales|f__Didymellaceae|g__Ascochyta|s__Ascochyta_rabiei,524,545,602,1319,912,900,464,714,1300,2553,860,619,1590,1976,781,758,907,757,860,621,909,798,723,745,841,652,684,933,758,714,550,496,396,512,822,1559,757,1388
k__Eukaryota|k__Fungi|p__Ascomycota|c__Dothideomycetes|o__Mycosphaerellales,965,1205,1095,4917,1128,1265,897,1224,3375,2046,1480,1143,2133,1293,1250,1282,1456,1463,1387,1005,1251,1255,1159,1111,1400,1016,1223,1398,1048,1165,897,861,826,1388,1370,1911,1259,2637
k__Eukaryota|k__Fungi|p__Ascomycota|c__Dothideomycetes|o__Mycosphaerellales|f__Mycosphaerellaceae,965,1205,1095,4917,1128,1265,897,1224,3375,2046,1480,1143,2133,1293,1250,1282,1456,1463,1387,1005,1251,1255,1159,1111,1400,1016,1223,1398,1048,1165,897,861,826,1388,1370,1911,1259,2637
k__Eukaryota|k__Fungi|p__Ascomycota|c__Dothideomycetes|o__Mycosphaerellales|f__Mycosphaerellaceae|g__Fulvia,274,537,378,1411,374,461,358,400,1011,672,534,413,728,426,415,468,516,477,478,355,422,419,425,365,472,352,433,494,343,388,195,315,203,802,495,559,433,819
k__Eukaryota|k__Fungi|p__Ascomycota|c__Dothideomycetes|o__Mycosphaerellales|f__Mycosphaerellaceae|g__Fulvia|s__Fulvia_fulva,274,537,378,1411,374,461,358,400,1011,672,534,413,728,426,415,468,516,477,478,355,422,419,425,365,472,352,433,494,343,388,195,315,203,802,495,559,433,819
k__Eukaryota|k__Fungi|p__Ascomycota|c__Dothideomycetes|o__Mycosphaerellales|f__Mycosphaerellaceae|g__Zymoseptoria,298,386,445,2464,387,496,285,436,1354,816,559,416,797,442,475,454,523,534,499,391,407,470,442,396,480,387,462,509,372,395,445,293,394,372,467,727,431,1036
k__Eukaryota|k__Fungi|p__Ascomycota|c__Dothideomycetes|o__Mycosphaerellales|f__Mycosphaerellaceae|g__Zymoseptoria|s__Zymoseptoria_tritici,298,386,445,2464,387,496,285,436,1354,816,559,416,797,442,475,454,523,534,499,391,407,470,442,396,480,387,462,509,372,395,445,293,394,372,467,727,431,1036
k__Eukaryota|k__Fungi|p__Ascomycota|c__Dothideomycetes|o__Mycosphaerellales|f__Mycosphaerellaceae|g__Cercospora,391,281,271,1040,366,307,253,387,1009,558,385,312,607,424,360,359,416,451,409,258,421,366,292,348,447,276,327,394,332,381,257,253,227,213,406,625,394,781
k__Eukaryota|k__Fungi|p__Ascomycota|c__Dothideomycetes|o__Mycosphaerellales|f__Mycosphaerellaceae|g__Cercospora|s__Cercospora_beticola,391,281,271,1040,366,307,253,387,1009,558,385,312,607,424,360,359,416,451,409,258,421,366,292,348,447,276,327,394,332,381,257,253,227,213,406,625,394,781
k__Eukaryota|k__Fungi|p__Ascomycota|c__Eurotiomycetes,3014,6419,3881,3431,3832,3031,3284,3095,5252,3847,3675,2681,4908,2912,3099,2791,3236,3455,3508,2260,3720,2767,3532,3075,3038,2429,2925,3259,2590,3288,2441,2535,2200,3176,3784,4501,3164,5437
k__Eukaryota|k__Fungi|p__Ascomycota|c__Eurotiomycetes|o__Eurotiales,3014,6419,3881,3431,3832,3031,3284,3095,5252,3847,3675,2681,4908,2912,3099,2791,3236,3455,3508,2260,3720,2767,3532,3075,3038,2429,2925,3259,2590,3288,2441,2535,2200,3176,3784,4501,3164,5437
k__Eukaryota|k__Fungi|p__Ascomycota|c__Eurotiomycetes|o__Eurotiales|f__Trichocomaceae,806,878,1169,771,1623,587,1035,607,1159,870,754,530,1071,576,631,509,603,625,720,420,865,455,1065,732,617,454,565,740,560,880,620,723,487,1406,922,966,602,1220
k__Eukaryota|k__Fungi|p__Ascomycota|c__Eurotiomycetes|o__Eurotiales|f__Trichocomaceae|g__Talaromyces,806,878,1169,771,1623,587,1035,607,1159,870,754,530,1071,576,631,509,603,625,720,420,865,455,1065,732,617,454,565,740,560,880,620,723,487,1406,922,966,602,1220
k__Eukaryota|k__Fungi|p__Ascomycota|c__Eurotiomycetes|o__Eurotiales|f__Trichocomaceae|g__Talaromyces|s__Talaromyces_marneffei,262,284,132,326,209,236,349,212,453,329,251,163,410,229,226,181,222,245,234,146,298,162,300,222,210,148,170,258,188,297,217,295,253,291,346,382,201,461
k__Eukaryota|k__Fungi|p__Ascomycota|c__Eurotiomycetes|o__Eurotiales|f__Trichocomaceae|g__Talaromyces|s__Talaromyces_rugulosus,543,594,1037,444,1414,350,685,394,705,541,503,367,660,347,404,328,380,379,486,273,566,292,764,510,407,306,394,481,372,582,402,428,234,1115,576,583,401,758
k__Eukaryota|k__Fungi|p__Ascomycota|c__Eurotiomycetes|o__Eurotiales|f__Aspergillaceae,2208,5540,2711,2660,2209,2444,2249,2488,4092,2976,2920,2150,3837,2335,2467,2281,2633,2830,2787,1840,2855,2311,2467,2342,2420,1975,2360,2519,2030,2408,1821,1811,1713,1769,2861,3535,2561,4217
k__Eukaryota|k__Fungi|p__Ascomycota|c__Eurotiomycetes|o__Eurotiales|f__Aspergillaceae|g__Penicillium,377,322,371,448,276,485,281,372,764,490,483,394,630,395,414,371,505,511,444,335,470,461,371,366,402,323,420,427,336,334,472,233,169,214,431,542,430,671
k__Eukaryota|k__Fungi|p__Ascomycota|c__Eurotiomycetes|o__Eurotiales|f__Aspergillaceae|g__Penicillium|s__Penicillium_oxalicum,377,322,371,448,276,485,281,372,764,490,483,394,630,395,414,371,505,511,444,335,470,461,371,366,402,323,420,427,336,334,472,233,169,214,431,542,430,671
k__Eukaryota|k__Fungi|p__Ascomycota|c__Eurotiomycetes|o__Eurotiales|f__Aspergillaceae|g__Aspergillus,1830,5217,2339,2212,1933,1958,1967,2116,3328,2486,2437,1756,3206,1940,2053,1910,2127,2319,2342,1504,2384,1849,2095,1976,2018,1651,1939,2091,1694,2073,1349,1578,1543,1554,2430,2992,2131,3545
k__Eukaryota|k__Fungi|p__Ascomycota|c__Eurotiomycetes|o__Eurotiales|f__Aspergillaceae|g__Aspergillus|s__Aspergillus_puulaauensis,223,3364,224,370,376,263,296,435,493,449,408,315,574,288,355,313,385,423,405,243,370,320,319,335,310,319,335,402,294,331,253,379,161,287,464,577,355,581
k__Eukaryota|k__Fungi|p__Ascomycota|c__Eurotiomycetes|o__Eurotiales|f__Aspergillaceae|g__Aspergillus|s__Aspergillus_fumigatus,218,416,884,379,223,216,343,343,521,399,479,330,500,341,375,393,360,411,392,296,335,352,292,289,406,264,299,335,286,348,182,171,380,200,356,458,339,538
k__Eukaryota|k__Fungi|p__Ascomycota|c__Eurotiomycetes|o__Eurotiales|f__Aspergillaceae|g__Aspergillus|s__Aspergillus_nidulans,236,252,193,262,242,229,239,275,415,328,322,276,488,266,297,255,327,305,345,208,293,256,255,266,264,211,255,294,234,307,189,167,287,138,322,383,292,552
k__Eukaryota|k__Fungi|p__Ascomycota|c__Eurotiomycetes|o__Eurotiales|f__Aspergillaceae|g__Aspergillus|s__Aspergillus_flavus,115,141,182,105,133,100,80,184,320,165,174,143,230,158,113,103,130,176,177,123,146,121,139,144,149,103,149,128,115,130,71,156,99,126,141,198,127,246
k__Eukaryota|k__Fungi|p__Ascomycota|c__Eurotiomycetes|o__Eurotiales|f__Aspergillaceae|g__Aspergillus|s__Aspergillus_oryzae,144,202,133,266,207,469,261,190,386,200,198,118,264,154,184,172,214,231,168,110,197,147,215,176,165,160,211,173,161,213,118,253,100,0,243,324,180,332
k__Eukaryota|k__Fungi|p__Ascomycota|c__Eurotiomycetes|o__Eurotiales|f__Aspergillaceae|g__Aspergillus|s__Aspergillus_chevalieri,290,273,182,324,326,237,261,282,470,394,330,212,450,277,245,242,305,303,342,186,366,266,250,270,306,246,273,295,254,230,208,151,143,152,392,387,281,557
k__Eukaryota|k__Fungi|p__Ascomycota|c__Eurotiomycetes|o__Eurotiales|f__Aspergillaceae|g__Aspergillus|s__Aspergillus_luchuensis,600,566,536,503,422,441,484,404,719,549,523,359,696,452,481,429,403,467,510,334,673,385,624,494,415,345,414,461,348,511,325,298,370,650,508,663,554,736
k__Eukaryota|k__Fungi|p__Ascomycota|c__Leotiomycetes,535,1026,223,603,575,553,444,549,1031,543,532,305,680,330,404,278,388,400,470,326,899,297,1080,466,421,289,380,630,461,868,463,578,239,429,909,1001,502,868
k__Eukaryota|k__Fungi|p__Ascomycota|c__Leotiomycetes|o__Helotiales,535,1026,223,603,575,553,444,549,1031,543,532,305,680,330,404,278,388,400,470,326,899,297,1080,466,421,289,380,630,461,868,463,578,239,429,909,1001,502,868
k__Eukaryota|k__Fungi|p__Ascomycota|c__Leotiomycetes|o__Helotiales|f__Sclerotiniaceae,535,1026,223,603,575,553,444,549,1031,543,532,305,680,330,404,278,388,400,470,326,899,297,1080,466,421,289,380,630,461,868,463,578,239,429,909,1001,502,868
k__Eukaryota|k__Fungi|p__Ascomycota|c__Leotiomycetes|o__Helotiales|f__Sclerotiniaceae|g__Botrytis,535,1026,223,603,575,553,444,549,1031,543,532,305,680,330,404,278,388,400,470,326,899,297,1080,466,421,289,380,630,461,868,463,578,239,429,909,1001,502,868
k__Eukaryota|k__Fungi|p__Ascomycota|c__Leotiomycetes|o__Helotiales|f__Sclerotiniaceae|g__Botrytis|s__Botrytis_cinerea,535,1026,223,603,575,553,444,549,1031,543,532,305,680,330,404,278,388,400,470,326,899,297,1080,466,421,289,380,630,461,868,463,578,239,429,909,1001,502,868
k__Eukaryota|k__Fungi|p__Ascomycota|c__Sordariomycetes,13207,16343,16394,19691,13559,13788,10705,17170,23378,22071,20522,15138,24522,28091,17151,16400,19748,18233,18513,13083,20669,17924,17097,14992,17698,15414,16703,17013,14399,14631,8941,11662,8834,14066,15502,21410,16907,25726
k__Eukaryota|k__Fungi|p__Ascomycota|c__Sordariomycetes|o__Magnaporthales,1758,2217,2221,2171,2007,1783,1587,2569,2861,2647,3263,2110,3367,2649,2471,2238,2646,2578,2609,1709,2803,2269,2524,2382,2445,1926,2413,2463,2047,2463,1415,1712,1606,1576,2326,2744,2555,3748
k__Eukaryota|k__Fungi|p__Ascomycota|c__Sordariomycetes|o__Magnaporthales|f__Pyriculariaceae,1758,2217,2221,2171,2007,1783,1587,2569,2861,2647,3263,2110,3367,2649,2471,2238,2646,2578,2609,1709,2803,2269,2524,2382,2445,1926,2413,2463,2047,2463,1415,1712,1606,1576,2326,2744,2555,3748
k__Eukaryota|k__Fungi|p__Ascomycota|c__Sordariomycetes|o__Magnaporthales|f__Pyriculariaceae|g__Pyricularia,1758,2217,2221,2171,2007,1783,1587,2569,2861,2647,3263,2110,3367,2649,2471,2238,2646,2578,2609,1709,2803,2269,2524,2382,2445,1926,2413,2463,2047,2463,1415,1712,1606,1576,2326,2744,2555,3748
k__Eukaryota|k__Fungi|p__Ascomycota|c__Sordariomycetes|o__Magnaporthales|f__Pyriculariaceae|g__Pyricularia|s__Pyricularia_oryzae,342,455,847,664,449,487,436,837,787,814,959,743,1064,884,759,728,914,821,891,611,651,798,527,645,791,653,726,728,539,486,346,409,288,445,626,758,804,1084
k__Eukaryota|k__Fungi|p__Ascomycota|c__Sordariomycetes|o__Magnaporthales|f__Pyriculariaceae|g__Pyricularia|s__Pyricularia_grisea,689,676,468,692,575,651,510,700,949,807,990,588,991,744,736,682,754,772,811,431,913,608,846,718,739,515,766,764,622,916,553,639,743,385,774,884,691,1161
k__Eukaryota|k__Fungi|p__Ascomycota|c__Sordariomycetes|o__Magnaporthales|f__Pyriculariaceae|g__Pyricularia|s__Pyricularia_pennisetigena,726,1085,905,814,982,644,640,1031,1124,1025,1313,778,1311,1020,975,828,978,985,907,667,1238,861,1150,1018,914,757,920,970,884,1061,514,663,575,745,925,1101,1059,1502
k__Eukaryota|k__Fungi|p__Ascomycota|c__Sordariomycetes|o__Sordariales,2376,3764,2799,3343,2386,2431,1789,3142,4027,3988,4120,3207,4701,9134,3558,3403,4149,3638,3645,2662,2965,3920,2956,2805,3706,3728,3295,3341,3042,2126,1312,1972,1263,2362,2647,3638,3364,4972
k__Eukaryota|k__Fungi|p__Ascomycota|c__Sordariomycetes|o__Sordariales|f__Sordariaceae,666,2444,594,875,700,687,588,680,1044,955,777,523,1082,2593,776,569,711,676,698,448,753,712,1445,632,780,796,627,733,791,763,472,646,376,510,778,911,617,1169
k__Eukaryota|k__Fungi|p__Ascomycota|c__Sordariomycetes|o__Sordariales|f__Sordariaceae|g__Neurospora,666,2444,594,875,700,687,588,680,1044,955,777,523,1082,2593,776,569,711,676,698,448,753,712,1445,632,780,796,627,733,791,763,472,646,376,510,778,911,617,1169
k__Eukaryota|k__Fungi|p__Ascomycota|c__Sordariomycetes|o__Sordariales|f__Sordariaceae|g__Neurospora|s__Neurospora_crassa,666,2444,594,875,700,687,588,680,1044,955,777,523,1082,2593,776,569,711,676,698,448,753,712,1445,632,780,796,627,733,791,763,472,646,376,510,778,911,617,1169
k__Eukaryota|k__Fungi|p__Ascomycota|c__Sordariomycetes|o__Sordariales|f__Chaetomiaceae,1710,1320,2204,2467,1685,1744,1201,2462,2983,3033,3343,2683,3619,6541,2782,2834,3437,2961,2946,2214,2211,3208,1511,2172,2926,2931,2668,2608,2250,1363,840,1325,887,1851,1869,2727,2746,3803
k__Eukaryota|k__Fungi|p__Ascomycota|c__Sordariomycetes|o__Sordariales|f__Chaetomiaceae|g__Thermothelomyces,643,617,698,1037,715,776,512,1041,1289,1289,1407,1106,1517,2799,1159,1191,1461,1265,1253,907,958,1379,632,933,1239,1251,1110,1143,975,570,336,547,419,1482,802,1133,1142,1622
k__Eukaryota|k__Fungi|p__Ascomycota|c__Sordariomycetes|o__Sordariales|f__Chaetomiaceae|g__Thermothelomyces|s__Thermothelomyces_thermophilus,643,617,698,1037,715,776,512,1041,1289,1289,1407,1106,1517,2799,1159,1191,1461,1265,1253,907,958,1379,632,933,1239,1251,1110,1143,975,570,336,547,419,1482,802,1133,1142,1622
k__Eukaryota|k__Fungi|p__Ascomycota|c__Sordariomycetes|o__Sordariales|f__Chaetomiaceae|g__Thermothielavioides,1066,702,1505,1430,970,967,688,1420,1694,1743,1936,1576,2101,3741,1623,1642,1976,1695,1693,1307,1253,1829,878,1238,1686,1679,1557,1465,1274,793,503,778,467,369,1066,1593,1604,2180
k__Eukaryota|k__Fungi|p__Ascomycota|c__Sordariomycetes|o__Sordariales|f__Chaetomiaceae|g__Thermothielavioides|s__Thermothielavioides_terrestris,1066,702,1505,1430,970,967,688,1420,1694,1743,1936,1576,2101,3741,1623,1642,1976,1695,1693,1307,1253,1829,878,1238,1686,1679,1557,1465,1274,793,503,778,467,369,1066,1593,1604,2180
k__Eukaryota|k__Fungi|p__Ascomycota|c__Sordariomycetes|o__Glomerellales,1824,1746,2057,2637,2001,2224,1448,2526,3331,3400,3033,2169,3474,3784,2407,2333,3052,2856,2961,1991,2198,2777,2215,2092,2744,2168,2414,2522,1907,1962,949,1428,1173,1709,2147,3150,2600,3561
k__Eukaryota|k__Fungi|p__Ascomycota|c__Sordariomycetes|o__Glomerellales|f__Glomerellaceae,1824,1746,2057,2637,2001,2224,1448,2526,3331,3400,3033,2169,3474,3784,2407,2333,3052,2856,2961,1991,2198,2777,2215,2092,2744,2168,2414,2522,1907,1962,949,1428,1173,1709,2147,3150,2600,3561
k__Eukaryota|k__Fungi|p__Ascomycota|c__Sordariomycetes|o__Glomerellales|f__Glomerellaceae|g__Colletotrichum,1824,1746,2057,2637,2001,2224,1448,2526,3331,3400,3033,2169,3474,3784,2407,2333,3052,2856,2961,1991,2198,2777,2215,2092,2744,2168,2414,2522,1907,1962,949,1428,1173,1709,2147,3150,2600,3561
k__Eukaryota|k__Fungi|p__Ascomycota|c__Sordariomycetes|o__Glomerellales|f__Glomerellaceae|g__Colletotrichum|s__Colletotrichum_lupini,833,883,467,1013,855,767,635,846,1275,1215,997,723,1236,1233,807,664,956,956,1088,644,793,821,1182,776,834,680,834,831,688,1058,479,781,532,971,933,1130,850,1362
k__Eukaryota|k__Fungi|p__Ascomycota|c__Sordariomycetes|o__Glomerellales|f__Glomerellaceae|g__Colletotrichum|s__Colletotrichum_higginsianum,990,862,1589,1624,1146,1456,812,1679,2055,2184,2035,1446,2237,2550,1600,1669,2095,1899,1872,1346,1404,1955,1032,1316,1909,1488,1579,1691,1218,903,469,647,641,737,1214,2019,1749,2198
k__Eukaryota|k__Fungi|p__Ascomycota|c__Sordariomycetes|o__Hypocreales,7247,8614,9316,11539,7164,7349,5880,8931,13158,12035,10105,7650,12977,12523,8714,8425,9900,9159,9296,6719,12702,8957,9400,7712,8803,7591,8580,8685,7403,8079,5264,6548,4790,8417,8381,11876,8386,13443
k__Eukaryota|k__Fungi|p__Ascomycota|c__Sordariomycetes|o__Hypocreales|f__Cordycipitaceae,476,529,1900,961,686,562,499,969,1329,1154,1205,956,1250,1316,965,1036,1205,1078,1009,802,755,1164,622,742,971,957,1012,959,654,532,409,350,335,830,738,1345,957,1472
k__Eukaryota|k__Fungi|p__Ascomycota|c__Sordariomycetes|o__Hypocreales|f__Cordycipitaceae|g__Akanthomyces,476,529,1900,961,686,562,499,969,1329,1154,1205,956,1250,1316,965,1036,1205,1078,1009,802,755,1164,622,742,971,957,1012,959,654,532,409,350,335,830,738,1345,957,1472
k__Eukaryota|k__Fungi|p__Ascomycota|c__Sordariomycetes|o__Hypocreales|f__Cordycipitaceae|g__Akanthomyces|s__Akanthomyces_muscarius,476,529,1900,961,686,562,499,969,1329,1154,1205,956,1250,1316,965,1036,1205,1078,1009,802,755,1164,622,742,971,957,1012,959,654,532,409,350,335,830,738,1345,957,1472
k__Eukaryota|k__Fungi|p__Ascomycota|c__Sordariomycetes|o__Hypocreales|f__Hypocreaceae,514,471,446,2476,421,504,338,512,1434,1114,547,389,1009,663,508,463,547,532,532,372,529,422,465,398,472,347,459,559,405,553,261,670,325,234,478,610,506,827
k__Eukaryota|k__Fungi|p__Ascomycota|c__Sordariomycetes|o__Hypocreales|f__Hypocreaceae|g__Trichoderma,514,471,446,2476,421,504,338,512,1434,1114,547,389,1009,663,508,463,547,532,532,372,529,422,465,398,472,347,459,559,405,553,261,670,325,234,478,610,506,827
k__Eukaryota|k__Fungi|p__Ascomycota|c__Sordariomycetes|o__Hypocreales|f__Hypocreaceae|g__Trichoderma|s__Trichoderma_breve,514,471,446,2476,421,504,338,512,1434,1114,547,389,1009,663,508,463,547,532,532,372,529,422,465,398,472,347,459,559,405,553,261,670,325,234,478,610,506,827
k__Eukaryota|k__Fungi|p__Ascomycota|c__Sordariomycetes|o__Hypocreales|f__Clavicipitaceae,986,1145,1463,1324,1048,1044,872,1300,1729,1433,1581,1138,1760,1589,1276,1240,1415,1334,1421,1037,4454,1191,1371,1169,1331,1040,1197,1275,1082,1330,862,877,623,1006,1236,1521,1234,1802
k__Eukaryota|k__Fungi|p__Ascomycota|c__Sordariomycetes|o__Hypocreales|f__Clavicipitaceae|g__Pochonia,361,518,343,503,448,425,391,391,679,530,469,332,626,453,376,407,398,379,423,288,435,335,458,359,397,307,362,433,315,622,357,435,274,301,445,519,373,635
k__Eukaryota|k__Fungi|p__Ascomycota|c__Sordariomycetes|o__Hypocreales|f__Clavicipitaceae|g__Pochonia|s__Pochonia_chlamydosporia,361,518,343,503,448,425,391,391,679,530,469,332,626,453,376,407,398,379,423,288,435,335,458,359,397,307,362,433,315,622,357,435,274,301,445,519,373,635
k__Eukaryota|k__Fungi|p__Ascomycota|c__Sordariomycetes|o__Hypocreales|f__Clavicipitaceae|g__Ustilaginoidea,625,626,1119,821,599,619,481,909,1050,902,1112,806,1133,1135,899,832,1017,955,998,748,4018,856,912,809,934,733,834,841,767,707,505,441,349,705,791,1002,860,1166
k__Eukaryota|k__Fungi|p__Ascomycota|c__Sordariomycetes|o__Hypocreales|f__Clavicipitaceae|g__Ustilaginoidea|s__Ustilaginoidea_virens,625,626,1119,821,599,619,481,909,1050,902,1112,806,1133,1135,899,832,1017,955,998,748,4018,856,912,809,934,733,834,841,767,707,505,441,349,705,791,1002,860,1166
k__Eukaryota|k__Fungi|p__Ascomycota|c__Sordariomycetes|o__Hypocreales|f__Ophiocordycipitaceae,2045,1477,2825,2298,1569,1686,1053,2280,2807,2778,3047,2414,3440,3488,2479,2497,3286,2631,2708,2067,2303,2875,1935,2092,2561,2330,2369,2380,1832,1397,1017,1281,1274,2976,1859,2506,2494,3476
k__Eukaryota|k__Fungi|p__Ascomycota|c__Sordariomycetes|o__Hypocreales|f__Ophiocordycipitaceae|g__Drechmeria,689,639,858,1069,699,709,471,1040,1305,1241,1349,1055,1599,1626,1096,1086,1453,1149,1224,999,908,1243,810,872,1160,1023,1006,1055,837,619,560,594,383,1276,816,1118,1116,1630
k__Eukaryota|k__Fungi|p__Ascomycota|c__Sordariomycetes|o__Hypocreales|f__Ophiocordycipitaceae|g__Drechmeria|s__Drechmeria_coniospora,689,639,858,1069,699,709,471,1040,1305,1241,1349,1055,1599,1626,1096,1086,1453,1149,1224,999,908,1243,810,872,1160,1023,1006,1055,837,619,560,594,383,1276,816,1118,1116,1630
k__Eukaryota|k__Fungi|p__Ascomycota|c__Sordariomycetes|o__Hypocreales|f__Ophiocordycipitaceae|g__Purpureocillium,1355,837,1967,1229,869,977,581,1239,1501,1537,1697,1358,1841,1862,1383,1410,1832,1481,1484,1067,1395,1631,1125,1220,1400,1306,1363,1325,995,777,456,686,890,1699,1043,1387,1378,1846
k__Eukaryota|k__Fungi|p__Ascomycota|c__Sordariomycetes|o__Hypocreales|f__Ophiocordycipitaceae|g__Purpureocillium|s__Purpureocillium_takamizusanense,1355,837,1967,1229,869,977,581,1239,1501,1537,1697,1358,1841,1862,1383,1410,1832,1481,1484,1067,1395,1631,1125,1220,1400,1306,1363,1325,995,777,456,686,890,1699,1043,1387,1378,1846
k__Eukaryota|k__Fungi|p__Ascomycota|c__Sordariomycetes|o__Hypocreales|f__Nectriaceae,3225,4990,2680,4477,3438,3550,3116,3867,5857,5554,3722,2751,5517,5465,3483,3187,3445,3582,3623,2439,4659,3303,5005,3310,3466,2915,3541,3510,3427,4265,2713,3369,2231,3369,4068,5891,3193,5865
k__Eukaryota|k__Fungi|p__Ascomycota|c__Sordariomycetes|o__Hypocreales|f__Nectriaceae|g__Fusarium,3225,4990,2680,4477,3438,3550,3116,3867,5857,5554,3722,2751,5517,5465,3483,3187,3445,3582,3623,2439,4659,3303,5005,3310,3466,2915,3541,3510,3427,4265,2713,3369,2231,3369,4068,5891,3193,5865
k__Eukaryota|k__Fungi|p__Ascomycota|c__Sordariomycetes|o__Hypocreales|f__Nectriaceae|g__Fusarium|s__Fusarium_musae,231,399,318,321,232,233,283,356,479,366,231,215,456,313,256,232,280,298,269,177,385,195,365,252,245,176,273,197,210,378,182,258,201,180,360,408,249,466
k__Eukaryota|k__Fungi|p__Ascomycota|c__Sordariomycetes|o__Hypocreales|f__Nectriaceae|g__Fusarium|s__Fusarium_oxysporum,449,555,235,441,406,487,432,447,663,651,442,338,667,602,461,378,445,498,441,316,568,701,597,437,521,319,407,439,381,459,535,376,371,315,538,704,406,747
k__Eukaryota|k__Fungi|p__Ascomycota|c__Sordariomycetes|o__Hypocreales|f__Nectriaceae|g__Fusarium|s__Fusarium_verticillioides,271,311,331,393,247,291,243,235,497,416,275,188,410,381,291,235,237,255,245,155,240,251,522,214,246,200,198,295,289,422,165,217,124,251,271,517,217,418
k__Eukaryota|k__Fungi|p__Ascomycota|c__Sordariomycetes|o__Hypocreales|f__Nectriaceae|g__Fusarium|s__Fusarium_fujikuroi,211,394,126,305,273,271,316,234,475,318,339,187,435,210,229,167,199,231,304,189,1035,207,390,284,229,183,246,295,254,315,235,519,215,171,261,378,240,438
k__Eukaryota|k__Fungi|p__Ascomycota|c__Sordariomycetes|o__Hypocreales|f__Nectriaceae|g__Fusarium|s__Fusarium_falciforme,343,687,299,594,349,454,304,414,748,696,522,462,684,698,519,446,569,505,527,367,454,444,541,423,466,439,420,499,396,361,374,362,277,351,451,672,448,789
k__Eukaryota|k__Fungi|p__Ascomycota|c__Sordariomycetes|o__Hypocreales|f__Nectriaceae|g__Fusarium|s__Fusarium_keratoplasticum,429,329,434,552,430,363,316,855,782,657,558,421,738,739,572,483,538,530,527,376,458,435,485,461,442,419,810,461,374,459,308,484,200,500,488,682,462,828
k__Eukaryota|k__Fungi|p__Ascomycota|c__Sordariomycetes|o__Hypocreales|f__Nectriaceae|g__Fusarium|s__Fusarium_pseudograminearum,203,459,230,293,249,295,218,239,406,446,278,205,410,390,261,263,244,289,258,168,322,225,562,277,261,161,237,235,310,257,156,172,180,358,319,490,238,500
k__Eukaryota|k__Fungi|p__Ascomycota|c__Sordariomycetes|o__Hypocreales|f__Nectriaceae|g__Fusarium|s__Fusarium_graminearum,245,410,255,543,200,293,285,306,445,647,322,199,438,465,229,261,259,263,326,194,260,253,369,262,280,234,249,311,316,272,269,222,154,232,289,477,289,440
k__Eukaryota|k__Fungi|p__Ascomycota|c__Sordariomycetes|o__Hypocreales|f__Nectriaceae|g__Fusarium|s__Fusarium_poae,285,716,176,399,518,344,271,279,483,509,335,216,541,630,237,263,251,285,328,193,353,223,663,266,285,184,280,316,286,733,175,257,171,227,458,636,254,520
k__Eukaryota|k__Fungi|p__Ascomycota|c__Sordariomycetes|o__Hypocreales|f__Nectriaceae|g__Fusarium|s__Fusarium_venenatum,553,725,272,631,529,516,445,499,873,844,416,315,736,1033,424,455,419,425,393,299,579,366,506,429,487,597,418,458,606,605,309,497,334,780,628,923,386,713
k__Eukaryota|k__Viridiplantae|p__Chlorophyta,12766,7359,12915,4929,6753,9361,4660,9571,7342,8220,13396,8294,11253,8359,9900,9159,11268,9879,9713,7119,8446,9967,7883,10050,10110,8091,12743,8579,6866,8055,5296,6760,2544,6223,9884,8812,9772,12782
k__Eukaryota|k__Viridiplantae|p__Chlorophyta|c__Mamiellophyceae,2881,2467,3538,1728,2428,2327,1685,2987,2896,3189,4615,3489,4432,3014,3658,3625,4619,3764,4051,2838,2740,4245,2481,3381,3859,3027,6153,3463,2292,2189,935,2161,897,3074,3346,3417,3705,4787
k__Eukaryota|k__Viridiplantae|p__Chlorophyta|c__Mamiellophyceae|o__Mamiellales,2881,2467,3538,1728,2428,2327,1685,2987,2896,3189,4615,3489,4432,3014,3658,3625,4619,3764,4051,2838,2740,4245,2481,3381,3859,3027,6153,3463,2292,2189,935,2161,897,3074,3346,3417,3705,4787
k__Eukaryota|k__Viridiplantae|p__Chlorophyta|c__Mamiellophyceae|o__Mamiellales|f__Bathycoccaceae,1176,1276,1647,788,1184,1001,789,1407,1378,1463,1826,1505,1981,1248,1592,1556,1947,1557,1738,1161,1182,1696,1156,1535,1657,1255,1461,1555,1022,1112,506,1095,484,1669,1821,1588,1650,2148
k__Eukaryota|k__Viridiplantae|p__Chlorophyta|c__Mamiellophyceae|o__Mamiellales|f__Bathycoccaceae|g__Bathycoccus,378,515,376,179,308,237,274,263,361,304,362,234,473,221,304,224,298,255,307,204,313,228,513,402,292,198,276,355,203,340,181,393,138,151,491,339,364,491
k__Eukaryota|k__Viridiplantae|p__Chlorophyta|c__Mamiellophyceae|o__Mamiellales|f__Bathycoccaceae|g__Bathycoccus|s__Bathycoccus_prasinos,378,515,376,179,308,237,274,263,361,304,362,234,473,221,304,224,298,255,307,204,313,228,513,402,292,198,276,355,203,340,181,393,138,151,491,339,364,491
k__Eukaryota|k__Viridiplantae|p__Chlorophyta|c__Mamiellophyceae|o__Mamiellales|f__Bathycoccaceae|g__Ostreococcus,778,741,1264,608,861,731,504,1135,1012,1152,1438,1270,1501,1008,1276,1327,1647,1296,1430,955,862,1466,628,1097,1357,1050,1172,1190,806,750,325,685,341,1512,1275,1239,1275,1649
k__Eukaryota|k__Viridiplantae|p__Chlorophyta|c__Mamiellophyceae|o__Mamiellales|f__Bathycoccaceae|g__Ostreococcus|s__Ostreococcus_sp._'lucimarinus',319,299,724,307,345,328,226,625,500,609,680,595,754,517,590,706,852,625,731,488,402,752,277,446,666,521,628,572,354,311,134,210,176,633,410,597,677,846
k__Eukaryota|k__Viridiplantae|p__Chlorophyta|c__Mamiellophyceae|o__Mamiellales|f__Bathycoccaceae|g__Ostreococcus|s__Ostreococcus_tauri,432,402,502,291,502,355,258,501,494,516,741,669,719,484,659,615,782,664,696,456,449,707,325,599,673,523,540,595,437,413,182,458,163,873,529,618,582,782
k__Eukaryota|k__Viridiplantae|p__Chlorophyta|c__Mamiellophyceae|o__Mamiellales|f__Mamiellaceae,1663,1149,1857,911,1215,1290,879,1557,1510,1716,2714,1981,2433,1751,2033,2056,2660,2192,2232,1660,1537,2541,1253,1749,2184,1745,4630,1878,1244,1036,423,920,408,1392,1400,1810,2031,2622
k__Eukaryota|k__Viridiplantae|p__Chlorophyta|c__Mamiellophyceae|o__Mamiellales|f__Mamiellaceae|g__Micromonas,1663,1149,1857,911,1215,1290,879,1557,1510,1716,2714,1981,2433,1751,2033,2056,2660,2192,2232,1660,1537,2541,1253,1749,2184,1745,4630,1878,1244,1036,423,920,408,1392,1400,1810,2031,2622
k__Eukaryota|k__Viridiplantae|p__Chlorophyta|c__Mamiellophyceae|o__Mamiellales|f__Mamiellaceae|g__Micromonas|s__Micromonas_commoda,1663,1149,1857,911,1215,1290,879,1557,1510,1716,2714,1981,2433,1751,2033,2056,2660,2192,2232,1660,1537,2541,1253,1749,2184,1745,4630,1878,1244,1036,423,920,408,1392,1400,1810,2031,2622
k__Eukaryota|k__Viridiplantae|p__Chlorophyta|c__Chlorophyceae,9811,4845,9310,3188,4294,6991,2946,6573,4442,5018,8746,4798,6807,5338,6224,5524,6638,6103,5650,4277,5696,5709,5334,6638,6236,5053,6572,5101,4564,5827,4347,4559,1646,3137,6497,5381,6050,7976
k__Eukaryota|k__Viridiplantae|p__Chlorophyta|c__Chlorophyceae|o__Chlamydomonadales,9811,4845,9310,3188,4294,6991,2946,6573,4442,5018,8746,4798,6807,5338,6224,5524,6638,6103,5650,4277,5696,5709,5334,6638,6236,5053,6572,5101,4564,5827,4347,4559,1646,3137,6497,5381,6050,7976
k__Eukaryota|k__Viridiplantae|p__Chlorophyta|c__Chlorophyceae|o__Chlamydomonadales|f__Chlamydomonadaceae,9811,4845,9310,3188,4294,6991,2946,6573,4442,5018,8746,4798,6807,5338,6224,5524,6638,6103,5650,4277,5696,5709,5334,6638,6236,5053,6572,5101,4564,5827,4347,4559,1646,3137,6497,5381,6050,7976
k__Eukaryota|k__Viridiplantae|p__Chlorophyta|c__Chlorophyceae|o__Chlamydomonadales|f__Chlamydomonadaceae|g__Chlamydomonas,9811,4845,9310,3188,4294,6991,2946,6573,4442,5018,8746,4798,6807,5338,6224,5524,6638,6103,5650,4277,5696,5709,5334,6638,6236,5053,6572,5101,4564,5827,4347,4559,1646,3137,6497,5381,6050,7976
k__Eukaryota|k__Viridiplantae|p__Chlorophyta|c__Chlorophyceae|o__Chlamydomonadales|f__Chlamydomonadaceae|g__Chlamydomonas|s__Chlamydomonas_reinhardtii,9811,4845,9310,3188,4294,6991,2946,6573,4442,5018,8746,4798,6807,5338,6224,5524,6638,6103,5650,4277,5696,5709,5334,6638,6236,5053,6572,5101,4564,5827,4347,4559,1646,3137,6497,5381,6050,7976
