user_genome,Domain,Phylum,Class,Order,Family,Genus,Species,closest_genome_reference,closest_genome_reference_radius,closest_genome_taxonomy,closest_genome_ani,closest_genome_af,closest_placement_reference,closest_placement_radius,closest_placement_taxonomy,closest_placement_ani,closest_placement_af,pplacer_taxonomy,classification_method,note,other_related_references.genome_id.species_name.radius.ANI.AF.,msa_percent,translation_table,red_value,warnings,sample,length,coverage,Completeness,Contamination,Strain heterogeneity,GUNC pass,Genome size (bp),ambiguous bases,scaffolds,contigs,N50 (scaffolds),N50 (contigs),Mean scaffold length (bp),Mean contig length (bp),Longest scaffold (bp),Longest contig (bp),GC,GC std (scaffolds > 1kbp),Coding density,predicted genes,5S rRNA,23S rRNA,16S rRNA,tRNA,tRNA types
77571_ID2222_2-Pool1_AV10_S164_L003.bin.19,d__Archaea,p__Nanoarchaeota,c__Nanoarchaeia,o__Pacearchaeales,f__GW2011-AR1,g__JAGVXK01,s__,N/A,N/A,N/A,N/A,N/A,N/A,N/A,N/A,N/A,N/A,d__Archaea;p__Nanoarchaeota;c__Nanoarchaeia;o__Pacearchaeales;f__GW2011-AR1;g__;s__,taxonomic novelty determined using RED,N/A,N/A,57.35,11,0.89619,N/A,AV10,56734,6.185077,61.6,2.8,0,True,880948,1450,110,129,9414,9216,8008,6817,56734,45029,32.3,1.24,87.59,1113,Yes,Yes,Yes,33,17
77571_ID2222_2-Pool1_AV10_S164_L003.bin.34,d__Archaea,p__Nanoarchaeota,c__Nanoarchaeia,o__Pacearchaeales,f__GW2011-AR1,g__CABMGE01,s__,N/A,N/A,N/A,N/A,N/A,N/A,N/A,N/A,N/A,N/A,d__Archaea;p__Nanoarchaeota;c__Nanoarchaeia;o__Pacearchaeales;f__GW2011-AR1;g__CABMGE01;s__,taxonomic classification fully defined by topology,N/A,N/A,58.38,11,0.95929,N/A,AV10,79864,6.954516,65.81,0.93,0,True,935789,550,26,36,50832,39113,35991,25978,79864,79864,29.4,0.6,90.55,1109,Yes,No,No,32,18
77574_ID2222_5-Pool1_AV14_S167_L003.bin.18,d__Archaea,p__Halobacteriota,c__Methanosarcinia,o__Methanotrichales,f__Methanotrichaceae,g__Methanothrix,s__,N/A,N/A,N/A,N/A,N/A,GCA_026394565.1,95,d__Archaea;p__Halobacteriota;c__Methanosarcinia;o__Methanotrichales;f__Methanotrichaceae;g__Methanothrix;s__Methanothrix sp026394565,90.47,0.439,d__Archaea;p__Halobacteriota;c__Methanosarcinia;o__Methanotrichales;f__Methanotrichaceae;g__Methanothrix;s__,taxonomic classification defined by topology and ANI,N/A,"GCA_026394505.1, s__Methanothrix sp026394505, 95.0, 89.69, 0.375; GCA_025361645.1, s__Methanothrix sp025361645, 95.0, 88.67, 0.391; GCA_026394555.1, s__Methanothrix sp026394555, 95.0, 88.64, 0.391; GCA_023229165.1, s__Methanothrix sp023229165, 95.0, 87.85, 0.341; GCA_011391755.1, s__Methanothrix sp011391755, 95.0, 87.66, 0.288; GCA_016927055.1, s__Methanothrix sp016927055, 95.0, 85.23, 0.203; GCA_028688535.1, s__Methanothrix sp028688535, 95.0, 84.49, 0.164; GCA_028688175.1, s__Methanothrix sp028688175, 95.0, 84.4, 0.193",68.74,11,0.98004,N/A,AV14,43843,8.420892,82.21,2.97,66.67,True,1944199,460,350,369,6010,5877,5554,5267,43843,43843,52.6,2.74,88.59,2326,No,No,No,34,19
77579_ID2222_10-Pool1_AV19_S172_L003.bin.13,d__Archaea,p__Thermoplasmatota,c__Thermoplasmata,o__Methanomassiliicoccales,f__Methanomethylophilaceae,g__VadinCA11,s__,N/A,N/A,N/A,N/A,N/A,N/A,N/A,N/A,N/A,N/A,d__Archaea;p__Thermoplasmatota;c__Thermoplasmata;o__Methanomassiliicoccales;f__Methanomethylophilaceae;g__VadinCA11;s__,taxonomic classification fully defined by topology,N/A,N/A,48.43,11,0.94782,N/A,AV19,14592,4.385843,52.24,0.81,0,True,498025,60,122,128,4133,4019,4082,3890,14592,14592,50.6,2.03,93.39,638,Yes,No,No,20,15
77579_ID2222_10-Pool1_AV19_S172_L003.bin.20,d__Archaea,p__Halobacteriota,c__Methanomicrobia,o__Methanomicrobiales,f__Methanocorpusculaceae,g__Methanocorpusculum,s__Methanocorpusculum parvum,GCA_002287215.1,95,d__Archaea;p__Halobacteriota;c__Methanomicrobia;o__Methanomicrobiales;f__Methanocorpusculaceae;g__Methanocorpusculum;s__Methanocorpusculum parvum,98.94,0.97,GCA_002287215.1,95,d__Archaea;p__Halobacteriota;c__Methanomicrobia;o__Methanomicrobiales;f__Methanocorpusculaceae;g__Methanocorpusculum;s__Methanocorpusculum parvum,98.94,0.97,d__Archaea;p__Halobacteriota;c__Methanomicrobia;o__Methanomicrobiales;f__Methanocorpusculaceae;g__Methanocorpusculum;s__,taxonomic classification defined by topology and ANI,topological placement and ANI have congruent species assignments,"GCA_002498375.1, s__Methanocorpusculum sp002498375, 95.0, 89.87, 0.606; GCA_003315675.1, s__Methanocorpusculum sp003315675, 95.0, 86.91, 0.461; GCF_030655665.1, s__Methanocorpusculum sp030655665, 95.0, 86.8, 0.552; GCF_000015765.1, s__Methanocorpusculum labreanum, 95.0, 86.71, 0.517; GCA_029987395.1, s__Methanocorpusculum sp029987395, 95.0, 82.46, 0.185; GCA_029987315.1, s__Methanocorpusculum sp029987315, 95.0, 81.78, 0.182",85.85,11,N/A,N/A,AV19,30766,6.333724,90.65,0.66,100,True,1302865,730,177,187,8774,8475,7360,6963,30766,30766,52.6,2.24,90.78,1479,No,No,No,48,20
77583_ID2222_14-Pool1_Mga-Stigol-sedim_S176_L003.bin.62,d__Archaea,p__Thermoplasmatota,c__Thermoplasmata,o__Methanomassiliicoccales,f__UBA472,g__JACXTP01,s__,N/A,N/A,N/A,N/A,N/A,GCA_016919625.1,95,d__Archaea;p__Thermoplasmatota;c__Thermoplasmata;o__Methanomassiliicoccales;f__UBA472;g__JACXTP01;s__JACXTP01 sp016919625,94.02,0.817,d__Archaea;p__Thermoplasmatota;c__Thermoplasmata;o__Methanomassiliicoccales;f__UBA472;g__;s__,taxonomic classification defined by topology and ANI,N/A,N/A,74.41,11,0.98699,Genome not assigned to closest species as it falls outside its pre-defined ANI radius,Mga_Stigol_sedim,18945,4.954579,70.16,0,0,True,962637,260,171,179,5969,5744,5629,5376,18945,18945,59,1.69,92.79,1141,Yes,No,No,16,13
77588_ID2222_19-Pool1_Lomasona-1-sed_S181_L003.bin.4,d__Archaea,p__Thermoproteota,c__Nitrososphaeria,o__Nitrososphaerales,f__Nitrosopumilaceae,g__CSP1-1,s__CSP1-1 sp001443365,GCA_001443365.1,95,d__Archaea;p__Thermoproteota;c__Nitrososphaeria;o__Nitrososphaerales;f__Nitrosopumilaceae;g__CSP1-1;s__CSP1-1 sp001443365,97.84,0.951,GCA_001443365.1,95,d__Archaea;p__Thermoproteota;c__Nitrososphaeria;o__Nitrososphaerales;f__Nitrosopumilaceae;g__CSP1-1;s__CSP1-1 sp001443365,97.84,0.951,d__Archaea;p__Thermoproteota;c__Nitrososphaeria;o__Nitrososphaerales;f__Nitrosopumilaceae;g__CSP1-1;s__,taxonomic classification defined by topology and ANI,topological placement and ANI have congruent species assignments,"GCA_022573065.1, s__CSP1-1 sp022573065, 95.0, 83.79, 0.171",55.98,11,N/A,N/A,Lomasona_1_sed,17315,7.070973,68.61,0,0,True,779135,1130,165,179,4773,4383,4722,4346,17315,17315,34.3,1.55,91.08,1031,Yes,No,No,26,17
77592_ID2222_23-Pool1_Psso-Duron-sedim_S185_L003.bin.3,d__Archaea,p__Thermoproteota,c__Bathyarchaeia,o__Bathyarchaeales,f__UBA233,g__JAGTQT01,s__,N/A,N/A,N/A,N/A,N/A,N/A,N/A,N/A,N/A,N/A,d__Archaea;p__Thermoproteota;c__Bathyarchaeia;o__Bathyarchaeales;f__UBA233;g__;s__,taxonomic novelty determined using RED,N/A,N/A,54.09,11,0.84416,N/A,Psso_Duron_sedim,10693,3.734067,72.38,6.07,0,True,804269,630,196,241,4361,3763,4103,3334,10693,10693,47.3,1.47,87.73,1017,Yes,No,No,12,9
77593_ID2222_24-Pool1_Mga-Stabio-sed_S186_L003.bin.35,d__Archaea,p__Halobacteriota,c__Methanosarcinia,o__Methanotrichales,f__Methanotrichaceae,g__Methanothrix,s__,N/A,N/A,N/A,N/A,N/A,N/A,N/A,N/A,N/A,N/A,d__Archaea;p__Halobacteriota;c__Methanosarcinia;o__Methanotrichales;f__Methanotrichaceae;g__Methanothrix;s__,taxonomic classification fully defined by topology,N/A,N/A,77.63,11,0.87304,N/A,Mga_Stabio_sed,24064,8.22754,76.65,0,0,True,2007642,12330,322,448,7312,5334,6234,4453,24064,20539,49.5,3.14,81.91,2280,No,No,No,37,19
77598_ID2222_29-Pool1_Mga-Cioca-sed_S191_L003.bin.34,d__Archaea,p__Halobacteriota,c__Methanosarcinia,o__Methanosarcinales,f__Methanosarcinaceae,g__Methanosarcina,s__Methanosarcina mazei,GCF_000970205.1,95,d__Archaea;p__Halobacteriota;c__Methanosarcinia;o__Methanosarcinales;f__Methanosarcinaceae;g__Methanosarcina;s__Methanosarcina mazei,99,0.955,GCF_000970205.1,95,d__Archaea;p__Halobacteriota;c__Methanosarcinia;o__Methanosarcinales;f__Methanosarcinaceae;g__Methanosarcina;s__Methanosarcina mazei,99,0.955,d__Archaea;p__Halobacteriota;c__Methanosarcinia;o__Methanosarcinales;f__Methanosarcinaceae;g__Methanosarcina;s__,taxonomic classification defined by topology and ANI,topological placement and ANI have congruent species assignments,"GCF_000970285.1, s__Methanosarcina horonobensis, 95.0, 84.18, 0.273; GCA_013331265.1, s__Methanosarcina sp10923u, 95.0, 83.74, 0.196; GCA_030054735.1, s__Methanosarcina sp030054735, 95.0, 83.46, 0.185; GCF_020804225.1, s__Methanosarcina sp020804225, 95.0, 82.84, 0.201; GCF_000979455.1, s__Methanosarcina sp000979455, 95.0, 81.91, 0.153",76,11,N/A,N/A,Mga_Cioca_sed,47312,5.775144,94.5,1.31,0,True,3207455,5220,368,494,11621,9046,8715,6482,47312,47173,42.2,2.42,76.21,2912,No,No,No,50,22
77665_ID2222_16-Pool3-AV5_S321_L004.bin.61,d__Archaea,p__Nanoarchaeota,c__Nanoarchaeia,o__Pacearchaeales,f__GW2011-AR1,g__,s__,N/A,N/A,N/A,N/A,N/A,N/A,N/A,N/A,N/A,N/A,d__Archaea;p__Nanoarchaeota;c__Nanoarchaeia;o__Pacearchaeales;f__GW2011-AR1;g__;s__,taxonomic classification fully defined by topology,N/A,N/A,63.08,11,0.85377,N/A,AV5,45443,5.691747,65.04,0,0,True,738995,250,73,80,13419,12606,10123,9234,45443,30321,37.9,1.59,92.5,894,No,No,Yes,33,19
