phylum	comparison	LFC	p.adj	symbol
Aenigmatarchaeota	SWB-PBs (s) - L-SLs (s)	0.24	1	
Aenigmatarchaeota	SWB-PBs (s) - SWB-PBs (w)	1.41	0.0209409513627516	*
Aenigmatarchaeota	L-SLs (w) - SWB-PBs (w)	-0.26	1	
Aenigmatarchaeota	L-SLs (w) - L-SLs (s)	-0.91	0.149699688518911	
Aenigmatarchaeota	L-SLs (w) - SWB-PBs (s)	-1.16	0.036145320220544	*
Altiarchaeota	SWB-PBs (s) - L-SLs (s)	0.31	1	
Altiarchaeota	SWB-PBs (s) - SWB-PBs (w)	0.91	0.266156088600784	
Altiarchaeota	L-SLs (w) - SWB-PBs (w)	0.41	1	
Altiarchaeota	L-SLs (w) - L-SLs (s)	0.34	1	
Altiarchaeota	L-SLs (w) - SWB-PBs (s)	0.02	1	
Asgardarchaeota	SWB-PBs (s) - L-SLs (s)	0.29	1	
Asgardarchaeota	SWB-PBs (s) - SWB-PBs (w)	1	0.0472597482472363	*
Asgardarchaeota	L-SLs (w) - SWB-PBs (w)	-0.21	1	
Asgardarchaeota	L-SLs (w) - L-SLs (s)	-0.4	1	
Asgardarchaeota	L-SLs (w) - SWB-PBs (s)	-0.69	0.410684656003398	
B1Sed10-29	SWB-PBs (s) - L-SLs (s)	0.04	1	
B1Sed10-29	SWB-PBs (s) - SWB-PBs (w)	1.06	0.0837962124450338	
B1Sed10-29	L-SLs (w) - SWB-PBs (w)	0.93	0.252547582120829	
B1Sed10-29	L-SLs (w) - L-SLs (s)	0.43	1	
B1Sed10-29	L-SLs (w) - SWB-PBs (s)	0.39	1	
EX4484-52	SWB-PBs (s) - L-SLs (s)	0.08	1	
EX4484-52	SWB-PBs (s) - SWB-PBs (w)	1.48	0.0673485828290244	
EX4484-52	L-SLs (w) - SWB-PBs (w)	-0.13	1	
EX4484-52	L-SLs (w) - L-SLs (s)	-1	0.514038864018756	
EX4484-52	L-SLs (w) - SWB-PBs (s)	-1.09	0.46110263220199	
Hadarchaeota	SWB-PBs (s) - L-SLs (s)	-0.04	1	
Hadarchaeota	SWB-PBs (s) - SWB-PBs (w)	0.21	1	
Hadarchaeota	L-SLs (w) - SWB-PBs (w)	1.19	0.252547582120829	
Hadarchaeota	L-SLs (w) - L-SLs (s)	1.46	0.0440472487560929	*
Hadarchaeota	L-SLs (w) - SWB-PBs (s)	1.5	0.0277556917052531	*
Halobacteriota	SWB-PBs (s) - L-SLs (s)	0.19	1	
Halobacteriota	SWB-PBs (s) - SWB-PBs (w)	-0.4	1	
Halobacteriota	L-SLs (w) - SWB-PBs (w)	1.15	0.00707028347830279	**
Halobacteriota	L-SLs (w) - L-SLs (s)	2.26	1.11728063621111E-08	***
Halobacteriota	L-SLs (w) - SWB-PBs (s)	2.06	4.931237300251E-07	***
Huberarchaeota	SWB-PBs (s) - L-SLs (s)	0	1	
Huberarchaeota	SWB-PBs (s) - SWB-PBs (w)	0.71	1	
Huberarchaeota	L-SLs (w) - SWB-PBs (w)	0.19	1	
Huberarchaeota	L-SLs (w) - L-SLs (s)	0	1	
Huberarchaeota	L-SLs (w) - SWB-PBs (s)	0	1	
Hydrothermarchaeota	SWB-PBs (s) - L-SLs (s)	0.09	1	
Hydrothermarchaeota	SWB-PBs (s) - SWB-PBs (w)	0.59	0.266156088600784	
Hydrothermarchaeota	L-SLs (w) - SWB-PBs (w)	0.2	1	
Hydrothermarchaeota	L-SLs (w) - L-SLs (s)	0.23	1	
Hydrothermarchaeota	L-SLs (w) - SWB-PBs (s)	0.13	1	
Iainarchaeota	SWB-PBs (s) - L-SLs (s)	0.25	1	
Iainarchaeota	SWB-PBs (s) - SWB-PBs (w)	2.01	0.000637566271879054	***
Iainarchaeota	L-SLs (w) - SWB-PBs (w)	0.01	1	
Iainarchaeota	L-SLs (w) - L-SLs (s)	-1.23	0.0208971533972412	*
Iainarchaeota	L-SLs (w) - SWB-PBs (s)	-1.49	0.0160509062871992	*
JACRDV01	SWB-PBs (s) - L-SLs (s)	-0.25	1	
JACRDV01	SWB-PBs (s) - SWB-PBs (w)	0.39	1	
JACRDV01	L-SLs (w) - SWB-PBs (w)	-0.17	1	
JACRDV01	L-SLs (w) - L-SLs (s)	-0.29	1	
JACRDV01	L-SLs (w) - SWB-PBs (s)	-0.04	1	
Methanobacteriota	SWB-PBs (s) - L-SLs (s)	0.83	0.644882899007763	
Methanobacteriota	SWB-PBs (s) - SWB-PBs (w)	0.98	0.213563190787901	
Methanobacteriota	L-SLs (w) - SWB-PBs (w)	0.04	1	
Methanobacteriota	L-SLs (w) - L-SLs (s)	0.42	1	
Methanobacteriota	L-SLs (w) - SWB-PBs (s)	-0.42	1	
Methanobacteriota_A	SWB-PBs (s) - L-SLs (s)	0.41	1	
Methanobacteriota_A	SWB-PBs (s) - SWB-PBs (w)	1.69	0.00791516706726429	**
Methanobacteriota_A	L-SLs (w) - SWB-PBs (w)	-0.45	1	
Methanobacteriota_A	L-SLs (w) - L-SLs (s)	-1.2	0.27986062936907	
Methanobacteriota_A	L-SLs (w) - SWB-PBs (s)	-1.62	0.0086016453133429	**
Methanobacteriota_B	SWB-PBs (s) - L-SLs (s)	0.11	1	
Methanobacteriota_B	SWB-PBs (s) - SWB-PBs (w)	0.85	0.0518810437933385	
Methanobacteriota_B	L-SLs (w) - SWB-PBs (w)	0.15	1	
Methanobacteriota_B	L-SLs (w) - L-SLs (s)	-0.06	1	
Methanobacteriota_B	L-SLs (w) - SWB-PBs (s)	-0.18	1	
Micrarchaeota	SWB-PBs (s) - L-SLs (s)	0.07	1	
Micrarchaeota	SWB-PBs (s) - SWB-PBs (w)	1.01	0.0375253154901141	*
Micrarchaeota	L-SLs (w) - SWB-PBs (w)	0.41	1	
Micrarchaeota	L-SLs (w) - L-SLs (s)	-0.01	1	
Micrarchaeota	L-SLs (w) - SWB-PBs (s)	-0.09	1	
Nanoarchaeota	SWB-PBs (s) - L-SLs (s)	0.56	1	
Nanoarchaeota	SWB-PBs (s) - SWB-PBs (w)	2.09	0.000130516253646638	***
Nanoarchaeota	L-SLs (w) - SWB-PBs (w)	0.26	1	
Nanoarchaeota	L-SLs (w) - L-SLs (s)	-0.75	0.226745059477644	
Nanoarchaeota	L-SLs (w) - SWB-PBs (s)	-1.32	0.0373208255810434	*
Nanohaloarchaeota	SWB-PBs (s) - L-SLs (s)	0.48	1	
Nanohaloarchaeota	SWB-PBs (s) - SWB-PBs (w)	1.63	0.0037856124439062	**
Nanohaloarchaeota	L-SLs (w) - SWB-PBs (w)	0.7	1	
Nanohaloarchaeota	L-SLs (w) - L-SLs (s)	0.08	1	
Nanohaloarchaeota	L-SLs (w) - SWB-PBs (s)	-0.41	1	
SpSt-1190	SWB-PBs (s) - L-SLs (s)	0.04	1	
SpSt-1190	SWB-PBs (s) - SWB-PBs (w)	0.25	1	
SpSt-1190	L-SLs (w) - SWB-PBs (w)	0.27	1	
SpSt-1190	L-SLs (w) - L-SLs (s)	0.58	0.37307176743541	
SpSt-1190	L-SLs (w) - SWB-PBs (s)	0.54	0.669577583913	
Thermoplasmatota	SWB-PBs (s) - L-SLs (s)	0.24	1	
Thermoplasmatota	SWB-PBs (s) - SWB-PBs (w)	0.21	1	
Thermoplasmatota	L-SLs (w) - SWB-PBs (w)	0.47	1	
Thermoplasmatota	L-SLs (w) - L-SLs (s)	1.02	0.0355495275637644	*
Thermoplasmatota	L-SLs (w) - SWB-PBs (s)	0.77	0.264444990218459	
Thermoproteota	SWB-PBs (s) - L-SLs (s)	-0.08	1	
Thermoproteota	SWB-PBs (s) - SWB-PBs (w)	-0.4	1	
Thermoproteota	L-SLs (w) - SWB-PBs (w)	-0.09	1	
Thermoproteota	L-SLs (w) - L-SLs (s)	0.76	0.37307176743541	
Thermoproteota	L-SLs (w) - SWB-PBs (s)	0.83	0.222720893995658	
Undinarchaeota	SWB-PBs (s) - L-SLs (s)	-1.14	0.932174372277666	
Undinarchaeota	SWB-PBs (s) - SWB-PBs (w)	0.44	1	
Undinarchaeota	L-SLs (w) - SWB-PBs (w)	0.35	1	
Undinarchaeota	L-SLs (w) - L-SLs (s)	-0.7	1	
Undinarchaeota	L-SLs (w) - SWB-PBs (s)	0.43	1	
