phylum	comparison	LFC	p.adj	symbol
Acidobacteriota	SWB-PBs (s) - L-SLs (s)	-0.33	1	
Acidobacteriota	SWB-PBs (s) - SWB-PBs (w)	-1.32	0.0196285221828868	*
Acidobacteriota	L-SLs (w) - SWB-PBs (w)	0.61	1	
Acidobacteriota	L-SLs (w) - L-SLs (s)	1.81	5.61742304062011E-06	***
Acidobacteriota	L-SLs (w) - SWB-PBs (s)	2.12	3.96869421981284E-06	***
Actinomycetota	SWB-PBs (s) - L-SLs (s)	-0.16	1	
Actinomycetota	SWB-PBs (s) - SWB-PBs (w)	0.05	1	
Actinomycetota	L-SLs (w) - SWB-PBs (w)	-0.94	1	
Actinomycetota	L-SLs (w) - L-SLs (s)	-0.93	0.382207992605348	
Actinomycetota	L-SLs (w) - SWB-PBs (s)	-0.79	1	
Bacillota	SWB-PBs (s) - L-SLs (s)	0	1	
Bacillota	SWB-PBs (s) - SWB-PBs (w)	0.62	0.445093273053085	
Bacillota	L-SLs (w) - SWB-PBs (w)	-0.32	1	
Bacillota	L-SLs (w) - L-SLs (s)	-0.73	0.0174238428865116	*
Bacillota	L-SLs (w) - SWB-PBs (s)	-0.74	0.0424852823839433	*
Bacillota_A	SWB-PBs (s) - L-SLs (s)	0.03	1	
Bacillota_A	SWB-PBs (s) - SWB-PBs (w)	0.51	1	
Bacillota_A	L-SLs (w) - SWB-PBs (w)	-0.11	1	
Bacillota_A	L-SLs (w) - L-SLs (s)	-0.38	1	
Bacillota_A	L-SLs (w) - SWB-PBs (s)	-0.42	1	
Bacillota_I	SWB-PBs (s) - L-SLs (s)	0.47	1	
Bacillota_I	SWB-PBs (s) - SWB-PBs (w)	1.57	0.0389532139282768	*
Bacillota_I	L-SLs (w) - SWB-PBs (w)	-0.64	1	
Bacillota_I	L-SLs (w) - L-SLs (s)	-1.52	8.1627129968776E-05	***
Bacillota_I	L-SLs (w) - SWB-PBs (s)	-2.01	2.2331093994479E-05	***
Bacteroidota	SWB-PBs (s) - L-SLs (s)	0.15	1	
Bacteroidota	SWB-PBs (s) - SWB-PBs (w)	0.89	1	
Bacteroidota	L-SLs (w) - SWB-PBs (w)	-0.64	1	
Bacteroidota	L-SLs (w) - L-SLs (s)	-1.17	0.0288938084574237	*
Bacteroidota	L-SLs (w) - SWB-PBs (s)	-1.33	0.00725898191132024	**
Chloroflexota	SWB-PBs (s) - L-SLs (s)	-0.07	1	
Chloroflexota	SWB-PBs (s) - SWB-PBs (w)	-1.07	0.000884061462819624	***
Chloroflexota	L-SLs (w) - SWB-PBs (w)	-0.49	1	
Chloroflexota	L-SLs (w) - L-SLs (s)	0.73	1	
Chloroflexota	L-SLs (w) - SWB-PBs (s)	0.78	1	
Cyanobacteriota	SWB-PBs (s) - L-SLs (s)	0.49	1	
Cyanobacteriota	SWB-PBs (s) - SWB-PBs (w)	0.33	1	
Cyanobacteriota	L-SLs (w) - SWB-PBs (w)	-1.94	0.584954090705737	
Cyanobacteriota	L-SLs (w) - L-SLs (s)	-1.57	1	
Cyanobacteriota	L-SLs (w) - SWB-PBs (s)	-2.08	0.157445569317618	
Desulfobacterota	SWB-PBs (s) - L-SLs (s)	0.09	1	
Desulfobacterota	SWB-PBs (s) - SWB-PBs (w)	-0.99	0.0253069532592994	*
Desulfobacterota	L-SLs (w) - SWB-PBs (w)	0.26	1	
Desulfobacterota	L-SLs (w) - L-SLs (s)	1.55	2.64812530354644E-06	***
Desulfobacterota	L-SLs (w) - SWB-PBs (s)	1.44	4.82708076981765E-05	***
Desulfobacterota_B	SWB-PBs (s) - L-SLs (s)	-0.17	1	
Desulfobacterota_B	SWB-PBs (s) - SWB-PBs (w)	-1.48	0.0112899681936175	*
Desulfobacterota_B	L-SLs (w) - SWB-PBs (w)	0.58	1	
Desulfobacterota_B	L-SLs (w) - L-SLs (s)	2.1	1.47307467724391E-06	***
Desulfobacterota_B	L-SLs (w) - SWB-PBs (s)	2.25	3.62632983930758E-05	***
Gemmatimonadota	SWB-PBs (s) - L-SLs (s)	-0.25	1	
Gemmatimonadota	SWB-PBs (s) - SWB-PBs (w)	-0.69	1	
Gemmatimonadota	L-SLs (w) - SWB-PBs (w)	0.65	1	
Gemmatimonadota	L-SLs (w) - L-SLs (s)	1.3	0.147998495305398	
Gemmatimonadota	L-SLs (w) - SWB-PBs (s)	1.53	0.0446508867858562	*
Methylomirabilota	SWB-PBs (s) - L-SLs (s)	-0.37	1	
Methylomirabilota	SWB-PBs (s) - SWB-PBs (w)	-1.63	0.0409650870367057	*
Methylomirabilota	L-SLs (w) - SWB-PBs (w)	0.41	1	
Methylomirabilota	L-SLs (w) - L-SLs (s)	1.87	0.223856084392267	
Methylomirabilota	L-SLs (w) - SWB-PBs (s)	2.23	0.0487362531302244	*
Myxococcota	SWB-PBs (s) - L-SLs (s)	-0.43	1	
Myxococcota	SWB-PBs (s) - SWB-PBs (w)	-0.79	0.623754647434805	
Myxococcota	L-SLs (w) - SWB-PBs (w)	0.28	1	
Myxococcota	L-SLs (w) - L-SLs (s)	0.85	0.043914776996928	*
Myxococcota	L-SLs (w) - SWB-PBs (s)	1.26	0.000171197186400757	***
Myxococcota_A	SWB-PBs (s) - L-SLs (s)	0.13	1	
Myxococcota_A	SWB-PBs (s) - SWB-PBs (w)	-1.37	0.0364496234790011	*
Myxococcota_A	L-SLs (w) - SWB-PBs (w)	0.42	1	
Myxococcota_A	L-SLs (w) - L-SLs (s)	2.12	1.89588953957805E-07	***
Myxococcota_A	L-SLs (w) - SWB-PBs (s)	1.98	0.000177606441359758	***
Nitrospirota	SWB-PBs (s) - L-SLs (s)	-0.44	1	
Nitrospirota	SWB-PBs (s) - SWB-PBs (w)	-1.65	0.00155517112916798	**
Nitrospirota	L-SLs (w) - SWB-PBs (w)	0.21	1	
Nitrospirota	L-SLs (w) - L-SLs (s)	1.64	0.00975775802704316	**
Nitrospirota	L-SLs (w) - SWB-PBs (s)	2.06	0.000139591325183747	***
Patescibacteria	SWB-PBs (s) - L-SLs (s)	0.17	1	
Patescibacteria	SWB-PBs (s) - SWB-PBs (w)	2.07	6.96706559712945E-07	***
Patescibacteria	L-SLs (w) - SWB-PBs (w)	0.52	1	
Patescibacteria	L-SLs (w) - L-SLs (s)	-1.17	0.0195127444724389	*
Patescibacteria	L-SLs (w) - SWB-PBs (s)	-1.35	0.00486211360690614	**
Planctomycetota	SWB-PBs (s) - L-SLs (s)	0.08	1	
Planctomycetota	SWB-PBs (s) - SWB-PBs (w)	-0.56	1	
Planctomycetota	L-SLs (w) - SWB-PBs (w)	-0.67	1	
Planctomycetota	L-SLs (w) - L-SLs (s)	0.19	1	
Planctomycetota	L-SLs (w) - SWB-PBs (s)	0.09	1	
Pseudomonadota	SWB-PBs (s) - L-SLs (s)	0.16	1	
Pseudomonadota	SWB-PBs (s) - SWB-PBs (w)	0.4	1	
Pseudomonadota	L-SLs (w) - SWB-PBs (w)	-0.09	1	
Pseudomonadota	L-SLs (w) - L-SLs (s)	-0.11	1	
Pseudomonadota	L-SLs (w) - SWB-PBs (s)	-0.29	1	
Spirochaetota	SWB-PBs (s) - L-SLs (s)	0.02	1	
Spirochaetota	SWB-PBs (s) - SWB-PBs (w)	0.16	1	
Spirochaetota	L-SLs (w) - SWB-PBs (w)	-0.14	1	
Spirochaetota	L-SLs (w) - L-SLs (s)	-0.06	1	
Spirochaetota	L-SLs (w) - SWB-PBs (s)	-0.1	1	
Verrucomicrobiota	SWB-PBs (s) - L-SLs (s)	0.17	1	
Verrucomicrobiota	SWB-PBs (s) - SWB-PBs (w)	-0.36	1	
Verrucomicrobiota	L-SLs (w) - SWB-PBs (w)	-1.83	0.0049443155862934	**
Verrucomicrobiota	L-SLs (w) - L-SLs (s)	-1.08	0.660856202735332	
Verrucomicrobiota	L-SLs (w) - SWB-PBs (s)	-1.27	0.166152378227804	
