sample,shortcode,matrix,altitude,habtype,habtype_matrix,sampling_date,habtype_new,habtype_new_m
Mga_Stigol_sedim,MST,sediment,1300,lake_pond,lake_pond_s,9/9/2019,L-SLs,l-sls_s
Psso_Duron_sedim,PD,sediment,1000,lake_pond,lake_pond_s,9/18/2019,L-SLs,l-sls_s
Fiave1_sed,TF1,sediment,650,lake_pond,lake_pond_s,10/2/2019,L-SLs,l-sls_s
AV8,MST,water,1300,lake_pond,lake_pond_w,9/9/2019,L-SLs,l-sls_w
AV5,PD,water,1000,lake_pond,lake_pond_w,9/18/2019,L-SLs,l-sls_w
AV15,TF1,water,650,lake_pond,lake_pond_w,10/2/2019,L-SLs,l-sls_w
Lago_Ledro_sed,LL,sediment,650,lake,lake_s,7/30/2019,L-SLs,l-sls_s
Lago_Tenno_sed,LT,sediment,550,lake,lake_s,9/18/2019,L-SLs,l-sls_s
LL_P12,LL,water,650,lake,lake_w,7/30/2019,L-SLs,l-sls_w
AV11,LT,water,550,lake,lake_w,9/18/2019,L-SLs,l-sls_w
Bocca_Giumela_sedim,BG,sediment,1500,pasture_pond,pasture_pond_s,9/9/2019,SWB-PBs,swb-pbs_s
Mga_tenno_sed,MT,sediment,1600,pasture_pond,pasture_pond_s,9/11/2019,SWB-PBs,swb-pbs_s
AV7,BG,water,1500,pasture_pond,pasture_pond_w,9/9/2019,SWB-PBs,swb-pbs_w
AV10,MT,water,1600,pasture_pond,pasture_pond_w,9/11/2019,SWB-PBs,swb-pbs_w
Lomasona_1_sed,L1,sediment,600,peat_bog,peat_bog_s,10/2/2019,SWB-PBs,swb-pbs_s
Fiave2_sed,TF2,sediment,650,peat_bog,peat_bog_s,10/2/2019,SWB-PBs,swb-pbs_s
Fiave3_sed,TF3,sediment,650,peat_bog,peat_bog_s,10/2/2019,SWB-PBs,swb-pbs_s
Torb_Lomasona_sed,TL,sediment,500,peat_bog,peat_bog_s,10/2/2019,SWB-PBs,swb-pbs_s
AV16,TF2,water,650,peat_bog,peat_bog_w,10/2/2019,SWB-PBs,swb-pbs_w
AV17,TF3,water,650,peat_bog,peat_bog_w,10/2/2019,SWB-PBs,swb-pbs_w
AV13,TL,water,500,peat_bog,peat_bog_w,10/2/2019,SWB-PBs,swb-pbs_w
AV14,L1,water,600,peat_bog,peat_bog_w,10/2/2019,SWB-PBs,swb-pbs_w
Mga_Bestana_sed,MB,sediment,1273,pond,pond_s,9/9/2019,SWB-PBs,swb-pbs_s
Mga_Cioca_sed,MC,sediment,1575,pond,pond_s,10/22/2019,SWB-PBs,swb-pbs_s
Mga_Movlina_sedim,MM,sediment,1800,pond,pond_s,9/17/2019,SWB-PBs,swb-pbs_s
Mga_Nambi_sedim,MN,sediment,1400,pond,pond_s,9/17/2019,SWB-PBs,swb-pbs_s
Mga_Stabio_sed,MS,sediment,1453,pond,pond_s,9/18/2019,SWB-PBs,swb-pbs_s
AV9,MB,water,1273,pond,pond_w,9/9/2019,SWB-PBs,swb-pbs_w
AV19,MC,water,1575,pond,pond_w,10/22/2019,SWB-PBs,swb-pbs_w
AV3,MM,water,1800,pond,pond_w,9/17/2019,SWB-PBs,swb-pbs_w
AV4,MN,water,1400,pond,pond_w,9/17/2019,SWB-PBs,swb-pbs_w
AV6,MS,water,1453,pond,pond_w,9/18/2019,SWB-PBs,swb-pbs_w
L_Ampola_sed,LA,sediment,750,shallow_lake,shallow_lake_s,8/27/2019,L-SLs,l-sls_s
L_Nembia_sed,LN,sediment,800,shallow_lake,shallow_lake_s,8/27/2019,L-SLs,l-sls_s
Lago_Valagola_sed,LV,sediment,1600,shallow_lake,shallow_lake_s,10/22/2019,L-SLs,l-sls_s
AV2,LA,water,750,shallow_lake,shallow_lake_w,8/27/2019,L-SLs,l-sls_w
AV12,LN,water,800,shallow_lake,shallow_lake_w,8/27/2019,L-SLs,l-sls_w
AV18,LV,water,1600,shallow_lake,shallow_lake_w,10/22/2019,L-SLs,l-sls_w
