phylum,comparison,LFC,p.adj,symbol
Apicomplexa,SWB-PBs (s) - L-SLs (s),0.06,1,
Apicomplexa,SWB-PBs (s) - SWB-PBs (w),-0.11,1,
Apicomplexa,L-SLs (w) - SWB-PBs (w),-0.15,1,
Apicomplexa,L-SLs (w) - L-SLs (s),-0.05,1,
Apicomplexa,L-SLs (w) - SWB-PBs (s),-0.31,0.0343115795081354,*
Ascomycota,SWB-PBs (s) - L-SLs (s),-0.06,1,
Ascomycota,SWB-PBs (s) - SWB-PBs (w),-0.37,0.0802337475446047,
Ascomycota,L-SLs (w) - SWB-PBs (w),0.19,0.966940847789217,
Ascomycota,L-SLs (w) - L-SLs (s),0.45,0.000169487403879319,***
Ascomycota,L-SLs (w) - SWB-PBs (s),0.29,0.0695400404551686,
Bacillariophyta,SWB-PBs (s) - L-SLs (s),0.8,0.533926547169396,
Bacillariophyta,SWB-PBs (s) - SWB-PBs (w),-0.39,1,
Bacillariophyta,L-SLs (w) - SWB-PBs (w),-1.03,0.0337596060266281,*
Bacillariophyta,L-SLs (w) - L-SLs (s),0.09,1,
Bacillariophyta,L-SLs (w) - SWB-PBs (s),-0.92,0.0695400404551686,
Basidiomycota,SWB-PBs (s) - L-SLs (s),-0.03,1,
Basidiomycota,SWB-PBs (s) - SWB-PBs (w),-0.47,0.027476722060927,*
Basidiomycota,L-SLs (w) - SWB-PBs (w),-0.1,1,
Basidiomycota,L-SLs (w) - L-SLs (s),0.28,1,
Basidiomycota,L-SLs (w) - SWB-PBs (s),0.1,1,
Cercozoa,SWB-PBs (s) - L-SLs (s),0.47,1,
Cercozoa,SWB-PBs (s) - SWB-PBs (w),0.36,1,
Cercozoa,L-SLs (w) - SWB-PBs (w),-0.18,1,
Cercozoa,L-SLs (w) - L-SLs (s),-0.14,1,
Cercozoa,L-SLs (w) - SWB-PBs (s),-0.82,0.134279029532363,
Chlorophyta,SWB-PBs (s) - L-SLs (s),0.09,1,
Chlorophyta,SWB-PBs (s) - SWB-PBs (w),-0.68,0.01249443582024,*
Chlorophyta,L-SLs (w) - SWB-PBs (w),0.15,1,
Chlorophyta,L-SLs (w) - L-SLs (s),0.85,4.57810883580166E-06,***
Chlorophyta,L-SLs (w) - SWB-PBs (s),0.56,0.0137821683624855,*
Ciliophora,SWB-PBs (s) - L-SLs (s),0.04,1,
Ciliophora,SWB-PBs (s) - SWB-PBs (w),-0.03,1,
Ciliophora,L-SLs (w) - SWB-PBs (w),-0.3,1,
Ciliophora,L-SLs (w) - L-SLs (s),-0.3,1,
Ciliophora,L-SLs (w) - SWB-PBs (s),-0.55,0.429144797910061,
Cryptophyta,L-SLs (w) - SWB-PBs (w),-0.89,0.031605069595692,*
Cryptophyta,L-SLs (w) - L-SLs (s),-0.42,1,
Cryptophyta,L-SLs (w) - SWB-PBs (s),-1.35,0.000554662595439224,***
Euglenozoa,SWB-PBs (s) - L-SLs (s),0.09,1,
Euglenozoa,SWB-PBs (s) - SWB-PBs (w),-0.5,0.0572652885834597,
Euglenozoa,L-SLs (w) - SWB-PBs (w),0.38,0.237144137170476,
Euglenozoa,L-SLs (w) - L-SLs (s),0.9,9.94824194694083E-08,***
Euglenozoa,L-SLs (w) - SWB-PBs (s),0.6,0.000826090391997133,***
Evosea,SWB-PBs (s) - L-SLs (s),0.43,0.215160724684127,
Evosea,SWB-PBs (s) - SWB-PBs (w),0.45,0.222635250495202,
Evosea,L-SLs (w) - SWB-PBs (w),-0.49,0.090069140567732,
Evosea,L-SLs (w) - L-SLs (s),-0.58,0.00592995104960972,**
Evosea,L-SLs (w) - SWB-PBs (s),-1.21,2.1175909922829E-06,***
Fornicata,SWB-PBs (s) - L-SLs (s),0,1,
Fornicata,SWB-PBs (s) - SWB-PBs (w),-0.49,0.0193456342141443,*
Fornicata,L-SLs (w) - SWB-PBs (w),-0.11,1,
Fornicata,L-SLs (w) - L-SLs (s),0.32,1,
Fornicata,L-SLs (w) - SWB-PBs (s),0.1,1,
Microsporidia,SWB-PBs (s) - L-SLs (s),0.35,1,
Microsporidia,SWB-PBs (s) - SWB-PBs (w),0.32,1,
Microsporidia,L-SLs (w) - SWB-PBs (w),-0.13,1,
Microsporidia,L-SLs (w) - L-SLs (s),-0.17,1,
Microsporidia,L-SLs (w) - SWB-PBs (s),-0.73,0.0695400404551686,
Parabasalia,SWB-PBs (s) - L-SLs (s),0.26,0.760178634096144,
Parabasalia,SWB-PBs (s) - SWB-PBs (w),0.35,0.76271354208184,
Parabasalia,L-SLs (w) - SWB-PBs (w),-0.24,1,
Parabasalia,L-SLs (w) - L-SLs (s),-0.4,0.0599308068860051,
Parabasalia,L-SLs (w) - SWB-PBs (s),-0.87,0.000122543090149601,***
Rhodophyta,SWB-PBs (s) - L-SLs (s),0.01,1,
Rhodophyta,SWB-PBs (s) - SWB-PBs (w),-0.5,0.027476722060927,*
Rhodophyta,L-SLs (w) - SWB-PBs (w),-0.07,1,
Rhodophyta,L-SLs (w) - L-SLs (s),0.38,0.763892783721678,
Rhodophyta,L-SLs (w) - SWB-PBs (s),0.16,1,
